id,result,Div,Date,HomeTeam,AwayTeam,Bet365 home odds,Bet365 draw odds,Bet365 away odds,Bet&Win home odds,Bet&Win draw odds,Bet&Win away odds,gamebookers home odds,gamebookers draw odds,gamebookers away odds,Interwetten home odds,Interwetten draw odds,Interwetten away odds,Ladbrokes home odds,Ladbrokes draw odds,Ladbrokes away odds,Sportingbet home odds,Sportingbet draw odds,Sportingbet away odds,Will Hill home odds,Will Hill draw odds,Will Hill away odds,Stan James home odds,Stan James draw odds,Stan James away odds,VC Bet home odds,VC Bet draw odds,VC Bet away odds,Betbrain 1X2 bookies,Betbrain max home odds,Betbrain average home odds,Betbrain max draw odds,Betbrain average draw odds,Betbrain max away odds,Betbrain average draw odds.1,Betbrain over/under bookies,Betbrain max >2.5,Betbrain average >2.5,Betbrain max <2.5,Betbrain average <2.5,Betbrain Asian bookies,Betbrain Asian home handicap,Betbrain max Asian home odds,Betbrain average Asian home odds,Betbrain max Asian away odds,Betbrain average Asian away odds
97,A,E0,29-10-2021,France,Belgium,2.1,3.2,3.5,2.05,3.15,3.4,2.1,3.2,3.45,2,3.1,3.2,2.2,3.2,2.8,2.1,3.2,3.4,2.1,3.1,3.1,2,3.25,3.4,2.1,3.2,3.4,73,2.28,2.11,3.3,3.17,3.6,3.28,47,2.4,2.04,1.8,1.71,29,-0.25,2.04,1.94,1.98,1.92
86,H,E0,22-10-2021,Argentina,South Korea,1.5,3.75,7,1.4,4,7.25,1.44,3.75,7.5,1.5,3.7,5.7,1.5,3.4,6,1.45,4,7,1.44,3.25,8,1.44,3.75,7,1.45,3.8,7.5,73,1.55,1.46,4,3.64,8.5,7.09,46,2.03,1.91,1.91,1.8,27,-1,1.95,1.88,2.08,1.96
46,D,E0,17-09-2021,Netherlands,Costa Rica,2.6,3.25,2.6,2.3,3.2,2.8,2.6,3.2,2.6,2.4,3,2.6,2.5,3.2,2.5,2.7,3.2,2.5,2.62,3.2,2.3,2.5,3.2,2.6,2.6,3.2,2.6,63,2.9,2.53,3.3,3.16,2.85,2.57,38,2.32,2.11,1.71,1.65,26,0,2,1.92,1.97,1.91
180,D,E0,28-12-2021,England,Netherlands,2.1,3.25,3.4,2.1,3.1,3.3,2.1,3.2,3.4,2.1,3,3.1,2,3.2,3.2,2.1,3.2,3.4,2,3.1,3.3,2,3.25,3.4,2.2,3.25,3.1,47,2.2,2.09,3.5,3.21,3.6,3.37,34,2.15,2.02,1.76,1.7,23,-0.25,1.92,1.88,2.01,1.98
266,A,E0,26-02-2022,Cameroon,USA,2.4,3.25,2.8,2.4,3.1,2.75,2.4,3.2,2.85,2.4,3.1,2.7,2.38,3.2,2.6,2.38,3.2,2.88,2.3,3.1,2.75,2.38,3.2,2.75,2.4,3.25,2.75,48,2.55,2.4,3.3,3.18,2.95,2.77,37,2.2,2.04,1.8,1.7,19,0,1.8,1.76,2.14,2.05
30,A,E0,27-08-2021,Costa Rica,Canada,4.33,3.3,1.83,4.2,3.25,1.8,4,3.4,1.85,3.8,3.1,1.8,3.75,3.25,1.8,4.33,3.25,1.83,4,3.1,1.8,4,3.25,1.83,4.5,3.25,1.8,74,5.2,4.31,3.5,3.24,1.85,1.76,47,2.23,2.03,1.75,1.68,26,0.5,2.15,2.08,1.85,1.77
203,A,E0,01-04-2022,South Korea,Costa Rica,2.5,3.1,2.8,2.4,3.1,2.75,2.45,3.25,2.75,2.5,3,2.5,2.38,3.2,2.6,2.5,3.2,2.7,2.37,3.1,2.62,2.38,3.2,2.75,2.6,3.2,2.6,43,2.5,2.41,3.3,3.17,3.12,2.77,29,2.17,2.03,1.75,1.69,18,0,1.81,1.77,2.16,2.06
369,H,E0,05-04-2022,Senegal,England,3.2,3.25,2.2,3.35,3.3,2,3.2,3.25,2.15,3,3.1,2.2,3.2,3.5,1.91,3.2,3.4,2.1,3.1,3.3,2,3,3.2,2.2,3,3.4,2.2,48,3.6,3.1,3.5,3.3,2.25,2.13,28,2.2,2.04,1.78,1.69,21,0.25,1.93,1.85,2.03,2.01
170,H,E0,26-12-2021,Spain,Morocco,1.66,3.4,5.5,1.55,3.5,5.8,1.6,3.5,5.75,1.6,3.4,4.6,1.57,3.5,5,1.62,3.4,6,1.57,3.3,5.5,1.57,3.5,5.5,1.6,3.5,5.5,49,1.67,1.6,3.7,3.48,6.3,5.62,36,2.25,2.06,1.75,1.68,23,-0.75,1.87,1.83,2.09,2.04
165,A,E0,18-12-2021,Argentina,Canada,2.87,3.1,2.5,2.75,3.05,2.45,2.9,3.1,2.4,3.1,2.9,2.3,2.6,3,2.5,2.88,3,2.5,3,2.87,2.25,2.75,3.2,2.38,2.9,3.2,2.35,77,3.2,2.86,3.25,3.06,2.66,2.39,49,2.32,2.14,1.71,1.63,26,0,2.13,2.06,1.87,1.8
70,D,E0,10-01-2021,Senegal,Portugal,2.5,3.2,2.75,2.4,3.15,2.7,2.45,3.2,2.75,2.4,3,2.6,2.5,3.2,2.5,2.5,3.2,2.7,2.5,3.1,2.5,2.38,3.2,2.75,2.5,3.25,2.65,71,2.68,2.44,3.35,3.16,2.88,2.68,47,2.25,2.07,1.75,1.67,27,0,1.86,1.82,2.1,2.02
44,D,E0,09-11-2021,Belgium,Australia,2,3.2,3.75,1.8,3.15,4.4,1.95,3.2,3.95,1.8,3.1,3.8,1.83,3.2,3.75,1.91,3.25,4,1.9,3.1,3.6,1.91,3.25,3.75,1.9,3.25,4,62,2,1.89,3.3,3.19,4.55,3.89,38,2.2,2.04,1.75,1.67,25,-0.5,2.05,1.97,1.94,1.86
166,D,E0,18-12-2021,USA,Costa Rica,2.5,3.2,2.75,2.35,3.1,2.85,2.45,3.2,2.8,2.4,3,2.6,2.25,3.2,2.75,2.5,3.2,2.7,2.37,3.1,2.62,2.25,3.25,2.88,2.5,3.25,2.65,75,2.85,2.45,3.25,3.14,2.9,2.7,48,2.21,2.07,1.71,1.66,25,0,2.03,1.91,2,1.93
47,A,E0,17-09-2021,France,Canada,6,3.6,1.57,5.5,3.6,1.55,7,3.5,1.53,4.6,3.4,1.6,6,3.4,1.5,6.5,3.6,1.533,6.5,3.6,1.44,5.5,3.5,1.57,6.5,3.75,1.5,64,7.5,6.18,3.75,3.49,1.61,1.53,40,2.35,2.08,1.75,1.66,26,1,1.85,1.79,2.15,2.07
156,A,E0,14-12-2021,Switzerland,Portugal,2.1,3.2,3.5,1.9,3.15,3.9,2,3.2,3.75,1.9,3.1,3.5,1.91,3.2,3.5,2,3.2,3.75,2.1,3.2,3,2,3.25,3.4,2.1,3.25,3.3,77,2.14,2,3.4,3.17,3.9,3.49,46,2.4,2.13,1.7,1.63,27,-0.5,2.18,2.09,1.83,1.79
155,H,E0,12-12-2021,Costa Rica,Brazil,1.44,4,7.5,1.4,4,7.25,1.4,3.75,9,1.45,3.8,5.4,1.33,4,8,1.44,3.75,8,1.4,3.5,8,1.4,3.8,8,1.4,4,8,77,1.47,1.4,4.35,3.89,9.4,7.78,46,2.1,1.95,1.88,1.78,28,-1.25,2.17,2.08,1.85,1.78
60,A,E0,24-09-2021,Japan,Australia,1.3,4.33,13,1.25,5,10,1.3,4.5,11,1.33,4,7.5,1.22,5,10,1.25,5,12,1.33,3.75,9,1.29,4.5,10,1.25,5,12,67,1.33,1.26,5.33,4.7,14,10.65,41,1.98,1.86,2,1.86,25,-1.5,2.07,1.98,1.92,1.85
143,D,E0,12-03-2021,Cameroon,England,2.37,3.2,2.9,2.2,3.1,3.1,2.3,3.2,2.95,2.3,3,2.7,2.5,3.2,2.5,2.38,3.2,2.88,2.37,3.1,2.62,2.25,3.25,2.88,2.35,3.25,2.8,77,2.5,2.34,3.3,3.16,3.1,2.83,48,2.1,1.97,1.85,1.74,27,0,1.9,1.81,2.1,2.02
361,A,E0,29-04-2022,Croatia,Brazil,2.4,3.25,2.8,2.35,3.35,2.65,2.4,3.3,2.75,2.4,3.3,2.5,2.2,3.25,2.75,2.4,3.3,2.75,2.3,3.4,2.5,2.25,3.25,2.88,2.4,3.25,2.7,51,2.7,2.39,3.4,3.24,3,2.74,40,2.2,2.05,1.8,1.7,25,0,1.89,1.8,2.08,2.01
124,D,E0,20-11-2021,Costa Rica,Portugal,1.66,3.4,5.5,1.65,3.3,5.2,1.67,3.4,5.25,1.75,3.2,4,1.67,3.25,4.5,1.67,3.3,5.5,1.61,3.3,5,1.62,3.5,5,1.65,3.3,5.5,71,1.77,1.67,3.52,3.32,6,5.02,43,2.4,2.1,1.71,1.64,23,-0.75,2,1.93,1.98,1.92
201,A,E0,01-02-2022,Portugal,Canada,9,4,1.4,7.25,4,1.4,8.5,4.5,1.35,6,3.9,1.4,8,4.5,1.29,9,4.5,1.33,8,3.75,1.36,8,3.8,1.4,8,4,1.4,45,10.88,8.51,4.55,4.16,1.42,1.37,31,2.04,1.94,1.88,1.79,21,1.25,2.01,1.94,1.98,1.92
319,D,E0,04-08-2022,France,Switzerland,2.3,3.1,3.1,2.1,3.2,3.2,2.3,3.2,3,2.4,3.1,2.7,2.2,3.2,2.8,2.3,3.2,3,2.3,3.2,2.62,2.2,3.2,3,2.3,3.3,2.9,47,2.5,2.29,3.3,3.19,3.1,2.91,35,2.25,2.09,1.75,1.67,25,-0.25,2.15,2.12,1.8,1.76
179,A,E0,28-12-2021,Switzerland,Spain,5,3.4,1.72,4.8,3.3,1.7,5.5,3.3,1.75,4,3.2,1.75,4.33,3.2,1.73,5,3.4,1.7,4.5,3.1,1.72,4,3.25,1.83,4.5,3.25,1.8,48,5.5,4.74,3.45,3.31,2,1.75,33,2.32,2.1,1.71,1.65,22,0.5,2.17,2.1,1.8,1.76
197,H,E0,01-02-2022,Switzerland,France,2.3,3.25,3,2.25,3.1,3,2.3,3.25,3,2.2,3,2.9,2.2,3.25,2.75,2.3,3.2,3,2.3,3.1,2.75,2.2,3.2,3,2.25,3.25,3,46,2.4,2.28,3.3,3.2,3.21,2.96,32,2.25,2.1,1.71,1.66,21,-0.25,2.1,2.03,1.9,1.84
199,D,E0,01-02-2022,Morocco,USA,2.1,3.1,3.6,1.9,3.15,3.9,2.05,3.2,3.6,2.1,3,3.1,1.91,3.2,3.5,2.1,3.2,3.4,1.9,3,3.75,2,3.25,3.4,1.9,3.2,3.75,45,2.21,2.06,3.26,3.17,3.9,3.5,31,2.24,2.05,1.75,1.68,22,-0.25,1.96,1.9,2,1.95
255,H,E0,14-02-2022,Spain,Argentina,2.1,3.1,3.6,2,3,3.8,2.1,3.1,3.6,2,3.2,3.3,1.91,3.25,3.4,2.1,3.1,3.5,2,3,3.4,2.2,3.2,3,2,3.25,3.6,49,2.22,2.05,3.3,3.16,4.05,3.53,35,2.4,2.2,1.68,1.61,18,-0.25,1.89,1.84,2.05,2.02
279,H,E0,03-11-2022,Belgium,Portugal,2,3.25,3.75,2,3.1,3.6,2.05,3.1,3.75,2.1,3.1,3.2,2,3.2,3.2,2,3.2,3.75,1.95,3.25,3.3,2,3.25,3.4,2,3.25,3.6,47,2.1,2.01,3.4,3.21,4.2,3.6,37,2.25,2.1,1.75,1.67,21,-0.5,2.05,2.01,1.9,1.84
213,A,E0,15-01-2022,Croatia,Cameroon,1.83,3.3,4.33,1.75,3.2,4.55,1.85,3.2,4.5,1.7,3.3,4.5,1.73,3.2,4.33,1.8,3.3,4.5,1.8,3,4.2,1.91,3.25,3.75,1.8,3.25,4.5,43,2.08,1.85,3.32,3.25,4.6,4.21,33,2.13,2.01,1.78,1.71,19,-0.5,2.01,1.96,1.91,1.87
222,H,E0,22-01-2022,Japan,Spain,2.3,3.1,3.1,2.2,3.1,3.1,2.3,3.1,3.1,2.2,3,3.1,2.2,3,3,2.25,3.2,3.1,2.1,3,3.2,2.1,3.2,3.2,2.2,3.2,3.1,49,2.4,2.23,3.26,3.11,3.35,3.13,33,2.3,2.11,1.7,1.64,20,-0.25,2.09,2.04,1.89,1.84
195,H,E0,01-02-2022,Australia,Brazil,1.66,3.4,5.5,1.65,3.3,5.2,1.7,3.3,5.3,1.55,3.5,4.8,1.57,3.5,5,1.67,3.5,5.2,1.61,3.3,5,1.67,3.25,5,1.65,3.5,5,45,1.71,1.66,3.6,3.41,6.03,5.17,31,2.2,2,1.8,1.74,21,-0.75,1.9,1.86,2.03,2.01
273,D,E0,03-04-2022,Portugal,Switzerland,2.1,3.25,3.4,2.05,3.1,3.45,2.1,3.2,3.5,2.1,3.1,3.2,2,3.2,3.2,2.1,3.2,3.4,1.9,3.1,3.6,2,3.25,3.4,2,3.25,3.6,47,2.15,2.05,3.3,3.19,3.8,3.44,36,2.25,2.12,1.7,1.64,21,-0.25,1.9,1.85,2.08,2.02
190,H,E0,31-12-2021,Brazil,England,2.4,3.2,2.87,2.2,3.1,3.1,2.33,3.2,2.95,2.3,3,2.7,2.25,3.2,2.75,2.38,3.2,2.88,2.15,3.2,2.9,2.25,3.25,2.88,2.25,3.25,3,50,2.42,2.3,3.31,3.19,3.2,2.92,32,2.2,2.05,1.75,1.69,23,-0.25,2.1,2.04,1.85,1.81
348,H,E0,22-04-2022,Belgium,France,1.83,3.3,4.33,1.8,3.3,4.15,1.83,3.3,4.33,1.9,3.2,3.6,1.8,3.25,3.75,1.9,3.25,4,1.83,3.3,3.6,1.91,3.25,3.75,1.8,3.4,4.35,49,1.9,1.81,3.45,3.29,4.84,4.15,37,2.3,2.09,1.72,1.67,27,-0.5,1.88,1.81,2.16,2.04
129,A,E0,26-11-2021,Senegal,Poland,2.5,3.2,2.75,2.3,3.1,2.9,2.45,3.2,2.75,2.4,3,2.6,2.38,3.2,2.6,2.5,3.2,2.7,2.62,3.1,2.37,2.38,3.2,2.75,2.6,3.2,2.6,73,2.7,2.51,3.3,3.15,2.9,2.64,46,2.4,2.11,1.73,1.65,25,0,1.98,1.9,2,1.95
209,H,E0,14-01-2022,Spain,Costa Rica,1.66,3.4,5.5,1.6,3.4,5.5,1.67,3.4,5.5,1.65,3.4,4.7,1.67,3.25,4.5,1.67,3.4,5.25,1.61,3.3,5,1.67,3.25,5,1.65,3.5,5,46,1.7,1.64,3.64,3.4,6.46,5.45,34,2.25,2.11,1.71,1.65,21,-0.75,1.85,1.83,2.08,2.03
56,D,E0,24-09-2021,Poland,Spain,3.4,3.25,2.1,3.35,3.3,2,3.4,3.2,2.1,2.9,3,2.2,3.5,3.2,1.91,3.4,3,2.2,3.2,3,2.1,3.2,3.2,2.1,3.5,3.1,2.1,67,4.02,3.39,3.3,3.13,2.2,2.06,41,2.5,2.16,1.66,1.61,26,0.25,2.11,2.05,1.86,1.81
164,H,E0,17-12-2021,Croatia,France,2.3,3.25,3,2.1,3.1,3.3,2.25,3.2,3.1,2.2,3,2.9,2.1,3.2,3,2.25,3.2,3.1,2.15,3.2,2.9,2.2,3.2,3,2.25,3.25,3,74,2.35,2.21,3.33,3.17,3.3,3.03,44,2.2,2.07,1.75,1.68,24,-0.25,2.06,1.97,1.98,1.89
25,H,E0,24-08-2021,Belgium,Morocco,2.3,3.25,3,2.1,3.25,3.15,2.2,3.25,3.15,2,3.1,3.2,2.1,3.2,3,2.2,3.2,3.2,2.1,3.2,3,2.1,3.2,3.2,2.25,3.25,3,67,2.35,2.16,3.3,3.19,3.55,3.09,38,2.25,2,1.8,1.7,23,-0.25,1.95,1.9,2.02,1.94
62,A,E0,24-09-2021,Cameroon,France,2.75,3.2,2.5,2.7,3.2,2.4,2.8,3.2,2.4,2.6,3,2.4,2.75,3.2,2.25,2.8,3.25,2.4,2.7,3,2.37,2.6,3.2,2.5,2.75,3.25,2.4,65,3.1,2.72,3.5,3.17,2.6,2.4,40,2.15,2.02,1.8,1.71,26,0,2.16,2.06,1.85,1.79
216,H,E0,21-01-2022,Switzerland,Argentina,5.5,3.5,1.66,5.15,3.3,1.65,5.25,3.4,1.7,4.5,3.3,1.7,4.33,3.2,1.73,5.75,3.6,1.6,4.5,3.2,1.7,5,3.25,1.67,5,3.6,1.65,50,6,4.98,3.6,3.39,1.75,1.68,34,2.16,1.99,1.8,1.74,21,0.75,2.03,2,1.96,1.86
289,A,E0,18-03-2022,Poland,Costa Rica,3.25,3.2,2.2,3.1,3.1,2.2,3.2,3.1,2.25,2.8,3,2.4,2.8,3.2,2.2,3.2,3.2,2.2,3,3,2.2,2.88,3.25,2.25,3,3.25,2.25,48,3.42,3.13,3.3,3.19,2.3,2.22,35,2.33,2.15,1.7,1.64,20,0.25,2.02,1.95,1.93,1.91
320,D,E0,04-08-2022,Brazil,Australia,2.5,3.2,2.75,2.5,3.15,2.6,2.5,3.25,2.65,2.4,3.2,2.6,2.38,3.2,2.6,2.5,3.3,2.62,2.3,3.2,2.62,2.5,3.2,2.6,2.5,3.25,2.7,47,2.65,2.48,3.3,3.2,2.8,2.64,35,2.22,2.07,1.76,1.69,24,0,1.87,1.81,2.07,1.99
73,A,E0,10-02-2021,Spain,Canada,3.25,3,2.3,3.2,3,2.2,3.4,3,2.2,3.2,2.8,2.3,3,3.2,2.1,3.6,3.05,2.1,3.1,3,2.15,3.2,3,2.2,3.3,3,2.25,68,3.7,3.26,3.2,2.98,2.33,2.17,44,2.7,2.43,1.56,1.49,25,0.25,1.9,1.87,2.05,2
39,D,E0,09-10-2021,Japan,South Korea,1.4,3.75,10,1.35,4.5,7.25,1.36,4.2,9,1.4,3.9,6,1.4,3.75,7,1.36,4.33,8.5,1.4,3.5,8,1.4,3.8,8,1.4,4,8.5,63,1.45,1.38,4.5,4.01,9.8,7.97,40,1.99,1.85,1.95,1.87,26,-1.25,2.11,2.03,1.86,1.83
117,H,E0,19-11-2021,Canada,Morocco,1.33,4.5,9.5,1.25,5,10,1.33,4.5,9,1.35,4,7,1.29,4.33,9,1.3,4.75,10,1.33,4,8,1.33,4.5,8,1.3,5,8.5,74,1.39,1.33,4.85,4.3,11,8.88,47,2.03,1.88,2,1.84,23,-1.25,2.03,1.98,1.94,1.88
15,D,E0,20-08-2021,Morocco,Portugal,1.61,3.6,5.5,1.6,3.5,5.25,1.6,3.5,6,1.65,3.3,4.4,1.57,3.5,5,1.615,3.4,6,1.7,3,5,1.57,3.5,5.5,1.55,3.6,6,73,1.7,1.6,3.8,3.41,6.5,5.35,44,1.95,1.82,2.05,1.89,25,-0.75,1.99,1.9,2.01,1.96
288,H,E0,18-03-2022,Argentina,France,1.3,4.5,9.5,1.35,4.1,8,1.36,4.33,9,1.3,4.4,8.5,1.36,3.75,8,1.36,4.2,9,1.28,4.5,8,1.33,4,9,1.35,4.5,8,48,4,1.4,5,4.4,11,8.87,35,1.93,1.85,2.02,1.88,20,-1.25,1.8,1.78,2.17,2.1
105,H,E0,31-10-2021,South Korea,Netherlands,1.83,3.25,4.5,1.85,3.2,4,1.83,3.25,4.4,1.85,3.1,4,1.73,3.2,4.33,1.8,3.3,4.5,1.83,3,4,1.73,3.4,4.33,1.8,3.3,4.35,73,1.91,1.81,3.4,3.24,4.75,4.23,44,2.23,2.03,1.8,1.71,27,-0.5,1.93,1.88,2.03,1.96
74,H,E0,10-02-2021,South Korea,Switzerland,1.83,3.3,4.33,1.65,3.5,4.8,1.8,3.3,4.5,1.75,3.2,4,1.8,3.2,4,1.8,3.3,4.5,1.72,3.25,4.2,1.73,3.4,4.33,1.8,3.25,4.5,68,1.91,1.8,3.4,3.25,5,4.26,44,2.36,2.12,1.75,1.65,26,-0.5,2,1.9,2.01,1.93
21,D,E0,23-08-2021,Brazil,Netherlands,2.5,3.2,2.75,2.4,3.25,2.65,2.4,3.25,2.8,2.3,3,2.7,2.38,3.2,2.6,2.4,3.25,2.8,2.4,3.1,2.6,2.38,3.2,2.75,2.6,3.2,2.6,71,2.6,2.41,3.3,3.16,2.9,2.68,40,2.2,2.02,1.8,1.69,24,0,1.91,1.84,2.05,1.99
276,A,E0,03-06-2022,Croatia,Japan,5,3.6,1.66,5,3.2,1.7,5,3.3,1.73,4.2,3.3,1.75,4.5,3.25,1.67,4.6,3.6,1.7,4.5,3.3,1.66,4.33,3.4,1.73,5,3.5,1.65,47,5.25,4.77,3.6,3.41,1.77,1.69,37,2.05,1.92,1.87,1.8,19,0.75,1.95,1.92,2,1.94
342,A,E0,17-04-2022,Senegal,Morocco,4,3.2,1.83,3.9,3.25,1.85,4.2,3.25,1.83,3.6,3.2,1.9,3.75,3.25,1.8,4,3.6,1.8,3.75,3.3,1.8,3.75,3.25,1.91,3.75,3.4,1.9,51,4.15,3.85,3.55,3.25,2.1,1.89,39,2.25,2.05,1.8,1.7,27,0.5,1.86,1.81,2.14,2.04
17,H,E0,20-08-2021,Cameroon,Brazil,2.2,3.2,3.25,2.25,3,3.1,2.15,3.25,3.25,2.1,3,3.1,2.1,3.2,3,2,3.3,3.6,2.1,3.2,3,2.1,3.2,3.2,2.1,3.25,3.4,70,2.2,2.11,3.3,3.17,3.6,3.24,45,2.25,2.04,1.77,1.66,26,-0.25,1.85,1.82,2.12,2.05
150,H,E0,12-10-2021,Canada,Croatia,1.2,5.5,17,1.2,5.25,13,1.2,5.5,15,1.22,4.8,9.5,1.14,6,12,1.2,5.5,15,1.14,5.5,15,1.18,5.5,13,1.18,6,13,77,1.22,1.18,6.7,5.54,18.5,13.72,48,1.87,1.77,2.12,1.95,26,-1.5,1.77,1.72,2.22,2.13
116,A,E0,19-11-2021,France,Japan,4,3.25,1.9,3.5,3.3,1.95,4.25,3.25,1.87,4,3.1,1.85,4,3.2,1.8,4.33,3.3,1.83,4.33,3.2,1.72,3.75,3.25,1.91,4,3.4,1.85,74,4.6,4.07,3.4,3.23,2,1.85,47,2.25,2.03,1.75,1.69,24,0.5,1.96,1.91,2.01,1.94
263,H,E0,25-02-2022,Morocco,Switzerland,2.1,3.2,3.5,2.15,3.1,3.2,2.1,3.2,3.5,2.2,3.1,3,2,3.2,3.2,2.1,3.2,3.4,2.05,3.1,3.2,2,3.25,3.4,2.1,3.25,3.25,49,2.24,2.1,3.3,3.2,3.8,3.34,38,2.5,2.23,1.65,1.6,20,-0.5,2.22,2.13,1.76,1.7
357,H,E0,29-04-2022,Canada,Japan,2.1,3.1,3.6,2,3.15,3.55,2.1,3.1,3.5,2.1,3,3.4,2.1,3.2,3,2.1,3.1,3.5,2.1,2.87,3.3,2,3.25,3.4,2.2,3.2,3.1,52,2.25,2.13,3.25,3.09,3.75,3.39,41,2.55,2.26,1.65,1.57,25,-0.25,1.96,1.91,1.98,1.94
138,H,E0,12-03-2021,Canada,USA,1.25,5,13,1.25,5,10,1.27,5,10,1.27,4.3,8.5,1.2,5,11,1.25,5,12,1.28,4.2,9,1.25,5,10,1.25,5.5,10,78,1.29,1.25,6.04,4.91,15,10.87,48,1.91,1.81,2.06,1.91,25,-1.5,1.95,1.89,2.04,1.95
111,A,E0,11-05-2021,Brazil,Croatia,2.3,3.25,3,2.4,3.1,2.75,2.35,3.2,2.95,2.4,3,2.6,2.25,3.2,2.75,2.3,3.2,3,2.2,3.1,2.87,2.25,3.25,2.88,2.4,3.2,2.8,68,2.49,2.31,3.3,3.14,3.27,2.89,42,2.38,2.16,1.67,1.61,25,-0.25,2.07,2,1.97,1.87
360,A,E0,29-04-2022,USA,Switzerland,2.5,3.2,2.75,2.3,3.2,2.85,2.35,3.2,2.9,2.25,3.1,2.9,2.38,3.2,2.6,2.5,3.2,2.75,2.25,3.3,2.62,2.2,3.2,3,2.35,3.25,2.8,52,2.75,2.39,3.4,3.2,3,2.74,42,2.23,2.08,1.8,1.67,25,0,2,1.87,2.1,1.94
247,H,E0,02-11-2022,Switzerland,Australia,2.25,3.2,3.1,2.2,3.1,3.1,2.25,3.2,3.1,2.3,3.1,2.8,2.1,3,3.2,2.25,3.2,3.1,2.1,3.1,3.1,2.2,3.2,3,2.1,3.25,3.3,54,2.48,2.24,3.26,3.16,3.31,3.07,41,2.4,2.17,1.68,1.63,22,-0.25,2.15,2.09,1.83,1.78
123,H,E0,20-11-2021,USA,England,1.9,3.25,4,1.7,3.25,4.9,1.83,3.25,4.33,1.85,3.1,3.6,1.8,3.2,4,1.83,3.25,4.33,1.83,3,4,1.83,3.25,4,1.8,3.4,4.35,72,1.9,1.82,3.46,3.22,4.8,4.17,46,2.2,2.04,1.78,1.68,23,-0.5,1.88,1.85,2.07,2
262,H,E0,25-02-2022,Canada,Brazil,1.14,7,17,1.13,6.25,17,1.16,6.75,16,1.15,6,13,1.12,6,15,1.14,6.5,19,1.12,6,15,1.14,6.5,15,1.17,6.5,13,49,1.2,1.15,7.16,6.47,18.5,15.45,38,1.8,1.7,2.2,2.05,19,-1.75,1.95,1.92,2,1.95
215,H,E0,21-01-2022,Belgium,South Korea,2.25,3.2,3.1,2.15,3.1,3.2,2.25,3.2,3.1,2.3,3.1,2.8,2,3.2,3.2,2.2,3.2,3.2,2.2,3,3,2.1,3.2,3.2,2.2,3.25,3.1,49,2.45,2.24,3.31,3.17,3.35,3.07,34,2.27,2.12,1.69,1.65,22,-0.25,2.13,2.08,1.82,1.79
87,A,E0,22-10-2021,Netherlands,Croatia,2,3.2,3.75,2,3.15,3.5,2,3.2,3.7,2.1,3,3.1,1.83,3.2,3.75,2,3.2,3.75,1.9,3.1,3.6,1.83,3.25,4,2,3.2,3.75,72,2.1,1.94,3.3,3.18,4.25,3.72,47,2.32,2.1,1.73,1.65,29,-0.5,2.08,1.99,1.95,1.84
109,H,E0,11-05-2021,England,South Korea,2.5,3.2,2.75,2.45,3.1,2.7,2.45,3.25,2.75,2.4,3,2.6,2.38,3.2,2.6,2.4,3.25,2.8,2.4,3.1,2.6,2.38,3.2,2.75,2.5,3.25,2.65,69,2.65,2.43,3.3,3.14,2.9,2.7,42,2.25,2.09,1.75,1.66,25,0,1.95,1.86,2.03,1.99
83,A,E0,16-10-2021,Poland,Netherlands,2.37,3.1,3,2.35,3.2,2.75,2.35,3.1,3,2.4,3,2.8,2.38,3,2.75,2.38,3.2,2.88,2.37,2.8,2.9,2.2,3.2,3,2.35,3.2,2.9,67,2.5,2.33,3.3,3.06,3.25,2.93,43,2.25,2.08,1.71,1.66,26,-0.25,2.12,2.04,1.85,1.82
177,H,E0,28-12-2021,Argentina,Brazil,1.22,5.5,13,1.2,5.5,12,1.23,5.5,12,1.22,4.8,9.5,1.25,4.5,10,1.2,5.5,15,1.22,5,9.5,1.25,5,10,1.25,5.5,9.5,46,1.27,1.23,6.26,5.29,16.68,11.98,33,1.8,1.71,2.13,2.01,21,-1.75,1.96,1.91,1.98,1.96
256,H,E0,15-02-2022,Australia,Senegal,1.5,3.75,7,1.5,3.6,6.4,1.48,3.75,7.5,1.45,3.9,6,1.44,3.6,6.5,1.44,4,7.5,1.36,4,7,1.5,3.6,6.5,1.4,4,8.5,51,1.52,1.46,4.35,3.79,8.5,7.26,37,2,1.91,1.91,1.82,19,-1,1.85,1.81,2.08,2
75,H,E0,10-02-2021,Croatia,Belgium,2.6,3.2,2.62,2.9,3.2,2.25,2.75,3.2,2.45,2.6,3,2.6,2.6,3.2,2.38,2.7,3.2,2.5,2.6,3.1,2.4,2.38,3.2,2.75,2.6,3.2,2.6,68,2.9,2.62,3.3,3.12,2.75,2.51,44,2.33,2.16,1.67,1.62,25,0,1.98,1.92,1.97,1.91
243,H,E0,02-05-2022,Costa Rica,France,1.8,3.2,4.75,1.65,3.3,5.25,1.73,3.3,5,1.75,3.3,4.2,1.73,3.1,4.5,1.7,3.4,5,1.61,3.3,5,1.73,3.25,4.5,1.75,3.25,5,51,1.8,1.71,3.46,3.3,5.5,4.88,37,2.21,2.04,1.8,1.71,20,-0.5,1.85,1.8,2.14,2.04
2,D,E0,13-08-2021,England,Poland,2.37,3.25,2.87,2.3,3.2,2.8,2.3,3.3,2.95,2.2,3,2.9,2.25,3,2.88,2.3,3.2,3,2.3,3.2,2.62,2.2,3.2,3,2.35,3.25,2.8,56,2.6,2.31,3.3,3.16,3.05,2.87,36,2.24,2.04,1.77,1.69,21,0,1.85,1.81,2.11,2.05
272,A,E0,03-04-2022,Cameroon,Canada,8.5,4.1,1.4,8.3,4.15,1.35,8.5,4.25,1.38,6.5,3.9,1.43,7,3.75,1.4,8.5,4.33,1.36,7.5,4.2,1.33,8,3.8,1.4,7.5,4.2,1.4,46,8.5,7.71,4.25,3.97,1.48,1.41,38,2.2,1.98,1.86,1.75,19,1,2,1.9,2.02,1.92
42,D,E0,09-10-2021,Costa Rica,Spain,2.5,3.2,2.75,2.5,3.2,2.55,2.5,3.25,2.7,2.3,3,2.7,2.4,3.25,2.5,2.4,3.25,2.8,2.4,3.1,2.6,2.38,3.2,2.75,2.6,3.1,2.7,63,2.7,2.46,3.3,3.12,2.9,2.65,39,2.35,2.09,1.71,1.65,25,0,1.89,1.8,2.16,2.03
79,A,E0,15-10-2021,Senegal,Japan,7.5,3.6,1.5,5.45,3.55,1.57,7.5,3.5,1.5,5.6,3.5,1.55,7,3.75,1.4,7,3.7,1.5,7.5,3.6,1.4,7,3.75,1.44,7.5,3.8,1.45,69,9,7.07,4.1,3.68,1.55,1.46,48,2.12,1.97,1.85,1.76,24,1,2,1.92,1.97,1.91
13,H,E0,20-08-2021,Spain,Senegal,1.28,5,10,1.3,4.5,9,1.3,4.5,11,1.33,4,7.5,1.22,5,10,1.3,4.5,11,1.33,4,8,1.3,4.33,10,1.28,4.5,12,72,1.33,1.27,5.25,4.57,16,10.23,44,1.88,1.75,2.05,1.94,25,-1.5,1.95,1.87,2.01,1.96
85,D,E0,17-10-2021,France,England,1.83,3.25,4.5,1.6,3.55,5.15,1.75,3.25,5,1.75,3.2,4,1.67,3.25,4.5,1.73,3.4,4.75,1.72,3.2,4.33,1.73,3.4,4.33,1.73,3.25,5,65,1.91,1.74,3.53,3.28,5.4,4.51,42,2.15,2.01,1.8,1.71,26,-0.5,1.92,1.84,2.1,2.01
228,A,E0,02-01-2022,Argentina,Portugal,1.4,4.33,7.5,1.35,4,9,1.38,4.25,8.5,1.35,4.2,7.5,1.4,4,6.5,1.36,4.5,8,1.28,4.5,8,1.4,4,7.5,1.4,4,8,50,1.42,1.36,4.75,4.23,8.75,8.08,30,1.8,1.72,2.1,2,19,-1.25,1.92,1.89,2,1.97
355,D,E0,29-04-2022,Poland,Morocco,2.5,3.2,2.75,2.4,3.15,2.75,2.35,3.25,2.85,2.1,3.2,3.1,2.38,3.2,2.6,2.38,3.3,2.8,2.37,3.3,2.5,2.38,3.2,2.75,2.4,3.4,2.7,52,2.6,2.37,3.41,3.23,3.1,2.78,42,2.2,2.05,1.8,1.7,25,0,1.83,1.75,2.15,2.07
252,H,E0,02-12-2022,South Korea,France,1.9,3.25,4,1.85,3.15,4.1,1.9,3.3,4,1.85,3.2,3.8,1.73,3.2,4.33,1.91,3.25,4,1.8,3.3,3.75,1.83,3.25,4,1.8,3.3,4.35,54,1.95,1.83,3.47,3.29,4.75,4.16,42,2.1,1.95,1.98,1.78,21,-0.5,1.92,1.82,2.15,2.01
198,H,E0,01-02-2022,England,Senegal,1.57,3.5,6.5,1.5,3.6,6.4,1.55,3.5,6.5,1.55,3.5,4.8,1.57,3.5,5,1.53,3.6,6.5,1.57,3.3,5.5,1.53,3.6,6,1.55,3.6,6,45,1.62,1.56,3.85,3.54,6.98,6.05,31,2.07,1.94,1.86,1.79,22,-1,2.16,2.05,1.85,1.78
302,A,E0,25-03-2022,Croatia,Portugal,2,3.2,3.75,2,3.1,3.6,2.05,3.25,3.4,2.1,3.1,3.2,1.91,3.25,3.4,2.05,3.25,3.5,1.95,3.1,3.5,2,3.25,3.4,2,3.25,3.6,50,2.15,2.04,3.35,3.22,3.75,3.42,36,2.2,2.03,1.83,1.71,21,-0.5,2.15,2.07,1.8,1.78
372,H,E0,05-07-2022,Australia,South Korea,1.66,3.4,5.5,1.65,3.5,4.75,1.6,3.5,5.8,1.75,3.2,4.4,1.67,3.25,4.5,1.7,3.5,4.75,1.7,3.3,4.33,1.57,3.4,6,1.6,3.6,5.5,49,1.78,1.68,3.6,3.4,5.5,4.85,38,2.15,2.03,1.8,1.7,20,-0.75,2.12,2.04,1.88,1.82
147,H,E0,12-10-2021,Australia,Portugal,2,3.2,3.75,1.9,3.15,3.9,2,3.2,3.75,2,3.1,3.2,1.8,3.2,4,2,3.2,3.75,1.95,3.1,3.5,2,3.25,3.4,2,3.2,3.75,74,2.15,1.99,3.3,3.18,4.1,3.55,47,2.27,2.07,1.75,1.67,27,-0.5,2.11,2.04,1.87,1.8
139,H,E0,12-03-2021,Spain,Croatia,1.53,3.5,7,1.5,3.65,6.15,1.53,3.6,6.5,1.55,3.5,5.6,1.5,3.4,6,1.5,3.75,7,1.44,3.6,6.5,1.5,3.6,6.5,1.5,3.75,7,79,1.57,1.49,4.1,3.58,8.2,6.66,47,2.39,2.12,1.7,1.64,26,-1,2,1.93,2.01,1.9
335,H,E0,15-04-2022,Brazil,USA,1.72,3.6,4.5,1.75,3.3,4.4,1.75,3.5,4.5,1.8,3.2,4,1.73,3.4,4,1.75,3.5,4.5,1.8,3.5,3.5,1.8,3.4,4,1.65,3.5,5,51,1.85,1.74,3.96,3.47,5,4.32,37,2,1.93,1.92,1.81,26,-0.5,1.8,1.75,2.19,2.1
22,A,E0,23-08-2021,Senegal,South Korea,2.75,3.2,2.5,2.5,3.25,2.55,2.8,3.25,2.4,2.5,3,2.5,2.75,3.2,2.25,2.62,3.3,2.5,2.62,3.1,2.37,2.5,3.4,2.5,2.75,3.25,2.4,71,3.1,2.65,3.4,3.17,2.7,2.45,40,2.13,1.99,1.8,1.72,24,0,2.14,2.03,1.89,1.8
239,H,E0,02-04-2022,Morocco,Brazil,1.8,3.3,4.5,1.7,3.4,4.5,1.83,3.35,4.25,1.7,3.4,4.3,1.73,3.2,4.33,1.75,3.5,4.5,1.72,3.3,4.2,1.8,3.4,4,1.75,3.5,4.5,53,1.9,1.77,3.5,3.33,4.88,4.41,38,2.15,2.02,1.8,1.73,21,-0.5,1.92,1.85,2.05,1.99
100,H,E0,29-10-2021,USA,Japan,4.5,3.3,1.8,4,3.2,1.85,4.5,3.3,1.8,4,3.1,1.85,4.5,3.25,1.67,5,3.3,1.73,4.33,3.2,1.72,4,3.25,1.83,5,3.25,1.73,75,5,4.34,3.45,3.24,1.87,1.78,48,2.19,2.01,1.8,1.73,27,0.5,2.1,2.01,1.89,1.84
314,A,E0,04-01-2022,Cameroon,Spain,6,3.8,1.53,5.9,3.5,1.55,6,3.6,1.57,4.8,3.6,1.6,6,3.4,1.5,6,3.6,1.57,5.5,3.5,1.53,5.5,3.5,1.57,6.5,3.75,1.5,49,6.93,5.96,3.8,3.58,1.62,1.56,38,2.17,2,1.85,1.75,21,1,1.84,1.79,2.15,2.07
370,H,E0,05-07-2022,Argentina,Croatia,1.2,6,13,1.25,5,10,1.23,5.5,12,1.22,5,10,1.25,5,8,1.22,5.5,12,1.25,5,8,1.25,5,10,1.22,5.5,11,47,1.25,1.21,6.5,5.47,15,11.52,36,1.8,1.69,2.25,2.05,19,-1.75,1.93,1.89,2.04,2
54,D,E0,18-09-2021,Croatia,USA,2.7,3.1,2.6,2.7,3.2,2.4,2.7,3.25,2.5,2.5,3,2.5,2.75,3.25,2.2,2.6,3.2,2.6,2.62,3.1,2.37,2.75,3.2,2.38,2.65,3.25,2.5,58,2.9,2.7,3.3,3.18,2.63,2.45,37,2.2,2.06,1.75,1.67,24,0,2.12,2.04,1.86,1.8
69,D,E0,10-01-2021,Brazil,Morocco,2.8,3.25,2.4,2.8,3.2,2.3,2.85,3.2,2.37,2.6,3,2.4,2.75,3.2,2.25,2.88,3.2,2.38,2.62,3.1,2.37,2.75,3.2,2.38,2.9,3.25,2.35,72,3.25,2.79,3.5,3.17,2.5,2.34,47,2.2,2.04,1.75,1.69,26,0,2.25,2.1,1.78,1.74
283,A,E0,03-11-2022,Senegal,Croatia,3,3.25,2.3,3.3,3.1,2.1,3.1,3.2,2.25,2.7,3.2,2.3,2.8,3.2,2.2,3.1,3.25,2.2,2.75,3.2,2.25,2.75,3.2,2.38,3.1,3.3,2.2,47,3.35,3.02,3.36,3.22,2.38,2.24,37,2.25,2.07,1.75,1.69,20,0.25,1.95,1.9,2,1.96
12,H,E0,20-08-2021,France,Croatia,1.8,3.4,4.33,1.7,3.2,5,1.8,3.3,4.5,1.8,3.1,3.8,1.62,3.5,4.5,1.8,3.3,4.5,1.7,3.2,4.5,1.67,3.25,5,1.75,3.5,4.5,71,1.83,1.74,3.5,3.3,5.3,4.5,45,2.06,1.92,1.91,1.79,25,-0.5,1.86,1.82,2.1,2.03
225,H,E0,31-01-2022,England,Costa Rica,2.75,3.2,2.5,2.7,3.1,2.45,2.75,3.2,2.45,2.7,3.1,2.4,2.6,3.2,2.38,2.8,3.25,2.4,2.62,3.1,2.37,2.75,3.2,2.38,2.75,3.25,2.4,47,2.9,2.75,3.26,3.16,2.64,2.44,32,2.25,2.09,1.71,1.66,19,0,2,1.94,1.94,1.86
172,A,E0,26-12-2021,USA,Australia,2,3.2,3.75,1.85,3.15,4.1,2,3.2,3.7,1.9,3.1,3.5,2.1,3.2,3,2,3.2,3.75,2.05,3.1,3.2,2,3.25,3.4,1.9,3.25,4,48,2.15,1.99,3.31,3.21,4.06,3.65,35,2.13,1.98,1.9,1.75,24,-0.5,2.08,2.03,1.85,1.81
154,D,E0,12-11-2021,Japan,Switzerland,1.3,4.5,12,1.27,4.75,9.5,1.3,4.5,10,1.33,4,7.5,1.3,4.33,8,1.3,4.5,11,1.28,4,10,1.29,4.5,10,1.3,4.5,10.5,79,1.35,1.29,5.05,4.41,12,9.95,48,2.08,1.94,1.88,1.79,27,-1.5,2.13,2.04,1.87,1.81
131,H,E0,27-11-2021,Switzerland,Morocco,2.5,3.2,2.75,2.4,3.1,2.75,2.55,3.2,2.6,2.5,3,2.5,2.5,3.2,2.5,2.6,3.2,2.6,2.62,3.1,2.37,2.38,3.2,2.75,2.6,3.2,2.6,71,2.65,2.51,3.3,3.15,2.9,2.62,43,2.35,2.13,1.75,1.63,23,0,1.92,1.87,2.04,1.97
244,H,E0,02-08-2022,France,Spain,4.5,3.3,1.8,4.65,3.15,1.75,4.85,3.3,1.75,4.3,3.4,1.7,4.33,3.2,1.73,4.8,3.3,1.75,5,3.3,1.61,4.33,3.2,1.8,5,3.25,1.75,50,5,4.51,3.46,3.26,1.87,1.77,38,2.3,2.14,1.7,1.64,20,0.5,2.1,2.01,1.9,1.83
14,H,E0,20-08-2021,Japan,Netherlands,1.22,5.5,13,1.25,5,10,1.27,5,11,1.27,4.3,8.5,1.25,4.5,10,1.285,5,10,1.28,4.5,8,1.29,4.5,10,1.25,5,13,73,1.3,1.25,5.6,4.79,16,10.46,45,1.8,1.72,2.1,1.97,25,-1.5,1.95,1.87,2,1.95
114,H,E0,11-06-2021,Japan,Canada,3.25,3.2,2.2,2.85,3.1,2.35,3.2,3.1,2.25,3,3,2.3,2.75,3.2,2.25,3.1,3.2,2.25,3.1,3,2.15,2.88,3,2.38,3,3.25,2.25,66,3.5,3.04,3.25,3.09,2.35,2.25,39,2.25,2.1,1.75,1.64,24,0.25,1.93,1.85,2.06,2
146,H,E0,12-10-2021,Poland,England,2.3,3.25,3,2.1,3.1,3.3,2.3,3.2,2.95,2.3,3,2.7,2.1,3.2,3,2.25,3.2,3.1,2.2,3.1,2.87,2.2,3.2,3,2.25,3.25,3,74,2.35,2.26,3.25,3.15,3.25,2.95,47,2.32,2.13,1.67,1.63,26,-0.25,2.05,1.99,1.93,1.87
217,A,E0,21-01-2022,USA,Croatia,2.2,3.2,3.25,2.15,3.1,3.2,2.1,3.25,3.4,2.1,3.2,3.1,2.1,3.2,3,2.2,3.2,3.2,2.2,3.1,2.87,2.2,3.2,3,2,3.3,3.5,48,2.2,2.1,3.31,3.19,3.8,3.3,34,2.13,2.01,1.8,1.72,22,-0.25,1.8,1.77,2.16,2.1
282,H,E0,03-11-2022,Brazil,South Korea,2.8,3.25,2.4,2.8,3.1,2.37,2.85,3.2,2.4,2.6,3.1,2.5,2.75,3.25,2.2,2.88,3.2,2.38,2.62,3.1,2.37,2.75,3.2,2.38,2.8,3.25,2.35,47,2.9,2.75,3.3,3.19,2.6,2.43,37,2.2,2.1,1.74,1.67,20,0,2.14,2.04,1.85,1.8
347,D,E0,22-04-2022,Argentina,Costa Rica,1.66,3.4,5.5,1.7,3.3,4.8,1.7,3.45,5,1.7,3.4,4.3,1.73,3.2,4.33,1.7,3.4,5,1.61,3.3,5,1.67,3.25,5,1.65,3.5,5,49,1.75,1.67,3.6,3.37,6,5.05,37,2.17,2.02,1.8,1.73,25,-0.75,2,1.93,2.02,1.93
31,A,E0,27-08-2021,Cameroon,Poland,2.37,3.1,3,2.25,3.15,2.95,2.3,3.25,2.95,2.3,3,2.7,2.38,3,2.75,2.3,3.2,3,2.3,3.1,2.75,2.38,3.2,2.75,2.3,3.2,3,70,2.5,2.34,3.3,3.15,3.2,2.84,46,2.34,2.07,1.71,1.65,27,0,1.85,1.75,2.2,2.09
90,D,E0,22-10-2021,Japan,Costa Rica,1.61,3.4,6,1.55,3.5,5.8,1.6,3.5,6,1.55,3.6,5.4,1.5,3.25,6.5,1.53,3.6,6.5,1.5,3.4,6,1.53,3.6,6,1.5,3.75,6.5,72,1.66,1.54,3.74,3.48,7.2,6.06,45,2.15,1.98,1.81,1.75,27,-1,2.25,2.08,1.82,1.74
210,H,E0,14-01-2022,South Korea,Japan,4.5,3.3,1.8,4.3,3.2,1.8,4.5,3.3,1.8,4.2,3.3,1.75,4,3.2,1.8,4.5,3.3,1.8,4.5,3.1,1.72,4,3.4,1.8,4.5,3.25,1.8,46,5.5,4.56,3.55,3.3,1.86,1.78,35,2.1,2,1.78,1.72,21,0.5,2.13,2.05,1.84,1.78
35,A,E0,28-08-2021,Morocco,Japan,5,3.6,1.66,5,3.35,1.65,6,3.45,1.6,4.2,3.2,1.7,5,3.5,1.57,6,3.5,1.6,5.5,3.3,1.57,4.5,3.6,1.67,5,3.5,1.65,74,6.71,5.1,3.7,3.41,1.8,1.63,44,2.01,1.88,1.95,1.82,24,0.75,2.1,2.07,1.86,1.79
140,H,E0,12-03-2021,Japan,Brazil,1.2,5.5,17,1.2,5.45,11.5,1.22,5.5,12,1.27,4.3,8.5,1.17,5.5,12,1.22,5.5,12,1.22,5,9.5,1.2,5.5,12,1.2,6,12,78,1.27,1.21,6.2,5.29,17.6,12.02,47,1.87,1.77,2.06,1.96,25,-1.5,1.89,1.82,2.1,2.03
101,A,E0,29-10-2021,Senegal,Brazil,2.25,3.2,3.1,2.2,3.1,3.1,2.25,3.2,3.1,2.2,3,2.9,2.2,3.2,2.8,2.3,3.2,3,2.3,3.1,2.75,2.2,3.2,3,2.25,3.2,3.1,73,2.4,2.25,3.3,3.16,3.4,3,47,2.4,2.08,1.75,1.66,29,-0.25,2.08,2.01,1.91,1.85
365,A,E0,05-01-2022,Cameroon,Portugal,2.3,3.25,3,2.3,3.2,2.85,2.25,3.3,2.9,2.3,3.1,2.8,2.25,3.2,2.75,2.3,3.3,2.9,2.15,3.4,2.75,2.25,3.25,2.88,2.25,3.4,2.9,52,2.4,2.3,3.4,3.25,3.05,2.87,34,2.2,2.04,1.8,1.71,27,0,1.74,1.66,2.21,2.09
167,H,E0,26-12-2021,Netherlands,Switzerland,2.1,3.2,3.5,2.2,3.1,3.1,2.15,3.2,3.3,2.1,3,3.1,2.1,3,3.2,2.2,3.2,3.2,2.1,2.87,3.3,2.1,3.2,3.2,2.1,3.25,3.3,49,2.25,2.13,3.26,3.17,3.6,3.3,36,2.33,2.14,1.67,1.62,24,-0.25,1.93,1.9,2.03,1.96
43,A,E0,09-10-2021,Cameroon,Croatia,2,3.2,3.75,2,3.3,3.35,2.1,3.15,3.5,2.2,3,2.9,1.91,3.2,3.5,2,3.3,3.6,1.95,3.1,3.5,2,3.25,3.4,2,3.25,3.6,52,2.2,2.01,3.3,3.22,3.9,3.54,36,2.4,2.07,1.71,1.66,25,-0.5,2.22,2.09,1.83,1.76
151,H,E0,12-10-2021,Spain,USA,1.57,3.6,6,1.55,3.5,5.8,1.55,3.5,6.7,1.55,3.5,4.8,1.44,3.6,6.5,1.53,3.6,6.5,1.57,3.1,6,1.53,3.6,6,1.5,3.8,6.5,77,1.6,1.53,3.8,3.49,7.5,6.23,48,2.3,2.08,1.75,1.67,26,-1,2.13,2.06,1.93,1.79
330,H,E0,15-04-2022,Argentina,Cameroon,1.22,5.5,13,1.23,5,11,1.22,5.5,13,1.27,4.6,9,1.2,5,11,1.25,5.25,11,1.25,4.5,10,1.2,5.5,12,1.22,5.5,12,51,1.31,1.24,5.5,5.2,15,11.38,37,1.88,1.76,2.15,1.99,23,-1.5,2.07,1.99,1.97,1.85
258,D,E0,22-02-2022,Morocco,France,1.9,3.25,4,1.8,3.15,4.35,1.85,3.25,4.2,1.85,3.2,3.8,1.8,3.2,4,1.85,3.25,4.33,1.8,3.1,4,1.83,3.25,4,1.8,3.25,4.35,44,1.91,1.83,3.5,3.26,4.5,4.16,31,2.1,2,1.82,1.74,16,-0.5,1.9,1.86,2.03,1.98
108,H,E0,11-05-2021,Australia,France,2.3,3.1,3.1,2.3,3.1,2.9,2.35,3.2,2.95,2.4,3,2.6,2.2,3.2,2.8,2.4,3.25,2.8,2.4,3.1,2.6,2.25,3.25,2.88,2.35,3.25,2.8,68,2.45,2.31,3.3,3.15,3.45,2.87,43,2.25,2.08,1.74,1.66,25,-0.25,2.05,1.98,1.98,1.89
277,D,E0,03-11-2022,Poland,Cameroon,2,3.2,3.75,2,3.1,3.6,2,3.2,3.75,2,3.2,3.3,1.91,3.2,3.5,2,3.2,3.75,1.9,3,3.75,2,3.25,3.4,2,3.25,3.6,47,2.05,1.98,3.3,3.18,4.2,3.7,36,2.35,2.17,1.67,1.63,20,-0.5,2.07,2.02,1.86,1.83
99,H,E0,29-10-2021,Spain,Portugal,1.57,3.5,6.5,1.65,3.3,5.2,1.57,3.5,6.35,1.65,3.3,5,1.57,3.25,5.5,1.62,3.4,6,1.5,3.4,6,1.57,3.4,6,1.55,3.6,6,75,1.67,1.57,3.75,3.41,7,5.95,47,2.2,2.04,1.75,1.69,28,-0.75,1.85,1.8,2.19,2.07
371,H,E0,05-07-2022,Netherlands,Senegal,1.53,3.8,6,1.45,4,6.25,1.5,3.9,6.5,1.6,3.5,5,1.57,3.5,5,1.5,3.8,6.5,1.44,3.75,6,1.53,3.6,6,1.55,3.6,6,49,1.6,1.53,4.06,3.61,6.75,5.98,38,2.1,1.95,1.9,1.78,20,-1,2.09,1.99,1.92,1.86
88,H,E0,22-10-2021,Australia,Poland,2,3.2,3.75,1.85,3.2,4,2.1,3.1,3.5,2,3.1,3.2,1.8,3.2,4,2,3.2,3.75,2.05,3,3.3,1.91,3.25,3.75,2,3.25,3.6,73,2.2,2.02,3.3,3.15,3.9,3.5,47,2.32,2.1,1.71,1.65,29,-0.25,1.86,1.82,2.14,2.04
334,H,E0,15-04-2022,Morocco,Croatia,1.83,3.3,4.33,1.8,3.35,4,1.85,3.3,4.25,1.9,3.2,3.6,1.91,3.2,3.5,1.83,3.4,4.2,1.83,3.2,3.75,1.91,3.25,3.75,1.85,3.4,4,51,1.95,1.87,3.45,3.28,4.33,3.97,37,2.25,2.08,1.75,1.68,27,-0.5,2.01,1.93,1.95,1.91
7,H,E0,13-08-2021,Portugal,Australia,2.5,3.2,2.75,2.2,3.3,2.9,2.4,3.3,2.75,2.3,3,2.7,2.38,3,2.75,2.5,3.2,2.7,2.3,3.2,2.62,2.38,3.2,2.75,2.4,3.25,2.75,55,2.6,2.4,3.35,3.16,2.9,2.74,35,2.25,2.02,1.8,1.71,20,0,1.86,1.82,2.08,2.04
341,H,E0,17-04-2022,USA,Portugal,2.5,3.25,2.5,2.5,3.2,2.55,2.37,3.25,2.75,2.6,3,2.6,2.37,3.2,2.6,2.4,3.4,2.7,2.3,3.4,2.5,2.2,3.4,2.88,2.4,3.3,2.75,51,2.65,2.42,3.4,3.23,2.88,2.71,39,2.12,1.99,1.83,1.74,26,0,1.92,1.81,2.1,1.99
128,A,E0,26-11-2021,Brazil,Canada,9,4.33,1.36,9,4,1.35,9,4.5,1.33,6.7,3.9,1.4,8,4,1.33,10,4.33,1.33,9,4.2,1.28,8.5,4.33,1.33,9,4.5,1.33,74,12,9.16,5,4.36,1.38,1.32,45,2.07,1.94,1.91,1.79,23,1.25,2.18,2.09,1.81,1.78
321,H,E0,04-08-2022,Costa Rica,South Korea,1.61,3.6,5.5,1.65,3.45,4.9,1.63,3.5,5.5,1.55,3.7,5,1.57,3.5,5,1.67,3.4,5.25,1.61,3.3,5,1.62,3.5,5,1.6,3.5,5.5,48,1.7,1.61,3.75,3.49,6,5.42,36,2.15,2.01,1.81,1.73,24,-0.75,1.9,1.83,2.08,2.04
345,H,E0,18-04-2022,Croatia,Netherlands,1.9,3.25,3.6,2,3.1,3.6,2,3.2,3.75,1.9,3.2,3.6,1.9,3.2,3.5,2.05,3.3,3.4,1.9,3.2,3.5,1.91,3.25,3.75,2,3.3,3.5,52,2.15,2,3.4,3.23,3.75,3.47,41,2.2,2.03,1.82,1.72,25,-0.25,1.91,1.85,2.09,2.01
259,H,E0,25-02-2022,Poland,Senegal,1.66,3.4,5.5,1.7,3.3,4.8,1.7,3.45,5,1.7,3.4,4.3,1.67,3.25,4.5,1.67,3.6,5,1.61,3.3,5,1.67,3.25,5,1.6,3.5,5.5,49,1.72,1.66,3.76,3.44,6,5.15,38,2.25,2.11,1.75,1.67,19,-0.75,1.88,1.84,2.1,2.03
332,A,E0,15-04-2022,Switzerland,Costa Rica,2.5,3.25,2.7,2.4,3.15,2.75,2.7,3.1,2.6,2.5,3.1,2.6,2.25,3.2,2.75,2.6,3.2,2.6,2.37,3.1,2.62,2.5,3.2,2.6,2.65,3.25,2.5,51,2.8,2.55,3.3,3.17,2.8,2.62,37,2.2,2.07,1.75,1.69,25,0,2,1.9,1.96,1.89
36,A,E0,09-10-2021,Poland,France,2.37,3.25,2.87,2.3,3.2,2.8,2.35,3.25,2.9,2.3,3,2.7,2.25,3.2,2.75,2.3,3.2,3,2.25,3.2,2.75,2.1,3.2,3.2,2.4,3.25,2.8,63,2.6,2.3,3.3,3.16,3.2,2.87,40,2.22,2.01,1.8,1.7,28,-0.25,2.15,2.06,1.85,1.8
265,H,E0,26-02-2022,Spain,South Korea,1.53,3.8,6,1.55,3.4,6.2,1.57,3.5,6.5,1.55,3.7,5,1.5,3.4,6,1.53,3.6,6.5,1.5,3.4,6,1.53,3.6,6,1.5,3.75,6.5,48,1.61,1.55,3.8,3.57,7,6.15,37,2.25,2.13,1.72,1.65,19,-1,2.19,2.08,1.8,1.74
78,D,E0,15-10-2021,USA,Brazil,1.72,3.3,4.5,1.65,3.5,4.8,1.7,3.3,5.1,1.7,3.2,4.2,1.57,3.25,5.5,1.65,3.5,5.2,1.66,3.1,5,1.62,3.5,5,1.65,3.25,5.5,67,1.75,1.68,3.65,3.34,5.7,4.97,48,2.35,2.06,1.75,1.68,23,-0.75,2.08,2.03,1.89,1.85
284,H,E0,03-12-2022,Argentina,Spain,2.25,3.2,3.1,2.25,3.1,3,2.25,3.2,3.1,2.2,3,3.1,2.1,3.2,3,2.25,3.2,3.1,2.2,3,3,2.2,3.2,3,2.25,3.25,3,45,2.4,2.25,3.25,3.13,3.35,3.07,35,2.4,2.2,1.75,1.61,18,-0.25,2,1.95,1.94,1.9
307,H,E0,29-03-2022,Japan,Portugal,1.28,5.5,8.5,1.25,5,10,1.3,5,9,1.33,4.2,8,1.33,4,8,1.3,5,9,1.36,4,7,1.33,4.5,8,1.28,5.5,8.5,52,1.36,1.3,5.5,4.74,11,8.73,36,1.75,1.68,2.22,2.06,20,-1.5,2.02,1.95,1.94,1.9
158,A,E0,17-12-2021,Netherlands,Japan,5.5,3.4,1.66,4.5,3.25,1.75,5,3.4,1.7,4,3.2,1.75,4.33,3.2,1.73,5.25,3.4,1.67,4.5,3.1,1.72,4.33,3.4,1.73,5,3.5,1.65,78,7.1,5.04,3.95,3.36,1.75,1.65,47,2.2,1.99,1.9,1.73,25,0.75,2.16,2.1,1.85,1.79
354,A,E0,26-04-2022,Portugal,Spain,4.75,3.5,1.72,4.15,3.3,1.8,4.33,3.25,1.85,3.8,3.2,1.85,3.75,3.25,1.8,4.33,3.4,1.8,3.75,3.3,1.8,3.75,3.25,1.91,4.35,3.4,1.8,45,4.85,4.17,3.5,3.28,1.91,1.83,36,2.27,2.12,1.72,1.66,21,0.5,2.05,1.99,1.92,1.87
0,D,E0,13-08-2021,Netherlands,Belgium,2.3,3.25,3,2.1,3.25,3.15,2.25,3.2,3.1,2.1,3,3.1,2.1,3,3.2,2.2,3.2,3.2,2.2,3.2,2.8,2,3.25,3.4,2.2,3.25,3.1,56,2.4,2.2,3.3,3.16,3.4,3.05,36,2.2,2.01,1.87,1.7,22,-0.25,2.1,2.01,1.92,1.84
41,D,E0,09-10-2021,Morocco,England,1.61,3.4,6,1.6,3.45,5.35,1.62,3.5,5.6,1.7,3.2,4.2,1.62,3.5,4.5,1.62,3.6,5.5,1.66,3.3,4.5,1.62,3.5,5,1.65,3.4,5.5,63,1.7,1.61,4,3.45,6.7,5.37,40,2.05,1.9,1.95,1.82,27,-0.75,1.82,1.78,2.19,2.09
34,A,E0,28-08-2021,USA,France,1.83,3.3,4.33,1.85,3.3,3.9,1.85,3.3,4.25,2,3.1,3.2,1.83,3.2,3.75,1.85,3.25,4.33,1.83,3.2,3.75,1.8,3.2,4.33,1.85,3.4,4,72,2,1.86,3.4,3.23,4.5,3.96,44,2.1,1.97,1.85,1.71,25,-0.5,2.02,1.94,1.95,1.88
296,H,E0,19-03-2022,England,Canada,8,4.2,1.4,7.3,4,1.4,7,4,1.44,5.5,3.8,1.5,6.5,3.6,1.44,7.5,4,1.44,6.5,3.6,1.44,7.5,4,1.4,7.5,3.8,1.45,47,8.26,7.23,4.2,3.86,1.52,1.45,33,2.08,1.95,1.85,1.79,17,1,2.06,1.98,1.9,1.84
337,H,E0,16-04-2022,Netherlands,Poland,2.4,3,3,2.15,3.1,3.2,2.35,3.2,2.9,2.2,3,3.1,2.2,3,3,2.3,3.2,3,2.15,3,3.1,2.2,3.2,3,2.35,3,3,48,2.5,2.29,3.3,3.08,3.5,3.03,37,2.55,2.24,1.7,1.6,27,-0.25,2.1,2.05,1.87,1.83
68,A,E0,10-01-2021,England,Japan,5,3.6,1.66,5.15,3.55,1.6,5,3.6,1.65,4.6,3.2,1.7,5.5,3.5,1.53,5,3.6,1.67,5.5,3.3,1.57,5,3.25,1.67,5.5,3.6,1.6,71,6.1,5.12,3.7,3.4,1.71,1.63,46,2.17,2,1.8,1.72,27,0.75,2,1.94,1.96,1.92
10,A,E0,20-08-2021,Poland,South Korea,2.2,3.2,3.25,2.15,3.1,3.2,2.1,3.2,3.4,2.2,3,2.9,2.1,3.2,3,2.1,3.2,3.4,2.2,3.1,2.87,2.1,3.2,3.2,2.1,3.25,3.4,73,2.25,2.11,3.3,3.14,3.8,3.21,45,2.3,2.06,1.72,1.66,26,-0.25,1.9,1.86,2.05,1.99
374,D,E0,05-07-2022,Switzerland,Cameroon,1.66,3.4,5.5,1.6,3.5,5.25,1.6,3.5,5.8,1.55,3.7,5,1.57,3.5,5,1.57,3.6,6,1.57,3.3,5.5,1.62,3.5,5,1.55,3.6,6,48,1.67,1.61,3.7,3.47,6.21,5.32,36,2.21,2.03,1.8,1.71,18,-0.75,1.98,1.94,1.96,1.93
237,H,E0,02-04-2022,Japan,England,1.3,4.5,12,1.25,5,10,1.28,4.75,11,1.3,4.4,8.5,1.25,4.5,10,1.25,5.25,11,1.28,4.5,8,1.25,5,10,1.22,5.5,12,46,1.32,1.28,5.2,4.79,13,10.38,38,1.83,1.75,2.14,1.99,20,-1.5,2.1,2.04,1.85,1.79
189,D,E0,31-12-2021,USA,South Korea,2.25,3.25,3.1,2.2,3.1,3.1,2.25,3.2,3.1,2.3,3,2.7,2.2,3.25,2.75,2.25,3.2,3.1,2.25,3.2,2.75,2.2,3.2,3,2.25,3.3,3,50,2.3,2.23,3.3,3.21,3.45,3.03,32,2.11,1.94,1.85,1.78,24,-0.25,1.98,1.92,2,1.93
344,D,E0,17-04-2022,Cameroon,Belgium,2.5,3.25,2.5,2.4,3.1,2.75,2.5,3.25,2.6,2.2,3.2,2.9,2.37,3.2,2.6,2.38,3.2,2.88,2.3,3.2,2.62,2.38,3.2,2.75,2.4,3.3,2.75,51,2.5,2.38,3.4,3.22,3.15,2.77,38,2.3,2.09,1.72,1.68,26,0,1.83,1.72,2.25,2.05
308,H,E0,04-01-2022,Argentina,Netherlands,1.28,5,10,1.3,4.75,8.35,1.3,4.7,10,1.35,4.2,7.5,1.25,4.5,10,1.25,5,12,1.3,4.2,8.5,1.3,4.5,9,1.28,5,9,48,1.35,1.3,5.25,4.68,13.38,9.68,36,1.83,1.73,2.12,2,21,-1.5,2.08,2.01,1.89,1.84
257,D,E0,19-02-2022,Costa Rica,Croatia,1.66,3.6,5,1.65,3.35,4.95,1.7,3.5,5,1.7,3.4,4.3,1.67,3.25,4.5,1.67,3.6,5,1.7,3.2,4.5,1.73,3.4,4.33,1.65,3.5,5,50,1.75,1.67,3.6,3.42,6.1,5,38,2.25,2.07,1.75,1.69,21,-0.75,2,1.91,2,1.93
193,A,E0,31-12-2021,Croatia,Australia,2.2,3.2,3.25,2,3.1,3.6,2.15,3.2,3.35,2,3.1,3.2,1.91,3.2,3.5,2.2,3.2,3.2,2.15,3.1,3,2,3.25,3.4,2.1,3.25,3.3,49,2.35,2.16,3.31,3.19,3.51,3.21,32,2.08,1.96,1.86,1.77,23,-0.25,2,1.96,1.93,1.89
38,A,E0,09-10-2021,Switzerland,Brazil,1.72,3.3,5,1.7,3.4,4.55,1.7,3.35,5.25,1.65,3.3,4.4,1.62,3.25,5,1.67,3.3,5.5,1.57,3.3,5.5,1.57,3.5,5.5,1.65,3.4,5.5,63,1.72,1.65,3.56,3.33,6,5.12,40,2.2,2.01,1.76,1.7,27,-0.75,1.96,1.93,1.99,1.93
94,H,E0,23-10-2021,Morocco,Senegal,1.66,3.4,5.5,1.65,3.5,4.8,1.65,3.3,6,1.65,3.3,4.4,1.67,3.25,4.5,1.62,3.4,6,1.61,3.1,5.5,1.57,3.4,6,1.65,3.4,5.5,71,1.72,1.61,3.6,3.36,6.6,5.57,43,2.35,2.06,1.75,1.67,27,-0.75,2.09,1.97,1.96,1.89
3,D,E0,13-08-2021,South Korea,Cameroon,1.72,3.4,5,1.65,3.45,4.8,1.73,3.45,4.75,1.7,3.2,4.2,1.67,3.25,4.5,1.7,3.4,5,1.7,3.3,4.33,1.67,3.25,5,1.75,3.25,5,55,1.8,1.69,3.63,3.38,5.6,4.79,36,2.1,1.94,1.9,1.77,23,-0.75,2.19,2.1,1.83,1.76
311,D,E0,04-01-2022,Switzerland,Senegal,1.36,4.33,9,1.35,4.5,7.25,1.36,4.3,8.5,1.37,4.1,7,1.29,4.33,9,1.33,4.5,9,1.33,4,8,1.36,4,8.5,1.33,4.5,9,49,1.37,1.34,5,4.36,10.19,8.64,38,2,1.92,1.94,1.82,22,-1.25,1.96,1.9,2.03,1.97
81,H,E0,15-10-2021,Cameroon,Argentina,6,3.4,1.61,5.6,3.6,1.55,6,3.6,1.57,5.6,3.5,1.55,6,3.75,1.44,6,3.6,1.57,6,3.4,1.5,6,3.75,1.5,6.5,3.75,1.5,68,6.5,5.85,3.75,3.52,1.66,1.56,48,2.1,1.96,1.86,1.76,25,0.75,2.07,2.01,1.9,1.86
125,H,E0,26-11-2021,Argentina,Australia,1.36,4.33,9,1.3,4.8,8,1.33,4.5,9,1.3,4.2,8,1.3,4,9.5,1.33,4.5,9,1.28,4.5,8,1.33,4.33,8.5,1.33,4.5,9,75,1.38,1.32,4.78,4.34,12,9.03,46,1.95,1.83,1.98,1.89,24,-1.25,1.99,1.9,2,1.96
351,H,E0,22-04-2022,Brazil,Senegal,1.36,4.33,9,1.4,3.85,8.25,1.38,4.33,8,1.4,4,6.5,1.36,4,7,1.3,4.75,10,1.33,4,8,1.4,4,7,1.35,4.35,8.5,49,1.42,1.37,5,4.19,9.5,8.03,37,2,1.91,1.96,1.82,24,-1.25,1.95,1.91,2,1.96
183,A,E0,28-12-2021,Portugal,Croatia,2.1,3.25,3.4,2.25,3.1,3,2.2,3.1,3.3,2.1,3,3.1,2.1,3.2,3,2.3,3.2,3,2.05,3.2,3.1,2.1,3.2,3.2,2.2,3.25,3.1,47,2.35,2.19,3.5,3.21,3.4,3.15,32,2.15,2,1.85,1.71,23,-0.25,2.03,1.97,1.93,1.89
301,A,E0,25-03-2022,Senegal,Australia,5,3.6,1.66,4.75,3.15,1.75,5,3.5,1.67,4.3,3.4,1.7,4.33,3.2,1.73,5.25,3.4,1.67,4.5,3.2,1.7,5,3.25,1.67,5,3.5,1.65,50,5.83,4.86,3.71,3.4,1.78,1.69,35,2.2,2.03,1.76,1.71,20,0.75,2.02,1.96,1.96,1.9
290,H,E0,18-03-2022,Australia,USA,1.83,3.25,4.5,1.85,3.15,4.1,1.8,3.3,4.5,1.7,3.4,4.3,1.8,3.2,4,1.85,3.4,4,1.7,3.2,4.5,1.73,3.4,4.33,1.8,3.25,4.5,49,1.86,1.76,3.63,3.34,5.15,4.51,33,2.15,2.05,1.77,1.7,19,-0.5,1.83,1.77,2.17,2.05
205,A,E0,14-01-2022,Netherlands,Portugal,2,3.2,3.75,1.9,3.1,3.85,2,3.25,3.75,1.8,3.2,4,1.83,3.2,3.75,1.91,3.25,4,1.83,3.2,3.75,1.91,3.25,3.75,1.9,3.4,3.75,44,2.02,1.92,3.49,3.26,4.21,3.84,34,2.13,1.99,1.81,1.74,20,-0.5,2.02,1.94,1.95,1.9
278,H,E0,03-11-2022,Australia,Netherlands,1.83,3.25,4.5,1.8,3.15,4.4,1.9,3.2,4.25,1.85,3.2,3.8,1.8,3.25,3.75,1.83,3.25,4.33,1.72,3.25,4.2,1.8,3.4,4,1.8,3.4,4.35,44,2,1.85,3.4,3.24,4.5,4.2,36,2.15,2.01,1.83,1.74,20,-0.5,1.96,1.9,2,1.94
267,H,E0,03-04-2022,Netherlands,Brazil,1.72,3.6,4.5,1.7,3.3,4.8,1.73,3.3,5,1.7,3.4,4.3,1.62,3.25,5,1.67,3.6,5,1.61,3.3,5,1.62,3.5,5,1.75,3.5,4.5,47,1.77,1.7,3.6,3.37,5.35,4.82,38,2.1,2,1.86,1.73,20,-0.75,2.05,2,1.91,1.86
318,H,E0,04-04-2022,Poland,Belgium,2.75,3.2,2.5,2.6,3.2,2.5,2.75,3.25,2.45,2.4,3.2,2.6,2.75,3.2,2.25,2.8,3.25,2.4,2.62,3.1,2.37,2.6,3.2,2.5,2.7,3.2,2.5,48,2.91,2.71,3.3,3.19,2.6,2.43,28,2.25,2.09,1.72,1.67,18,0,2.09,1.95,1.94,1.87
49,D,E0,17-09-2021,Brazil,Poland,2.3,3.25,3,2.25,3.2,2.9,2.3,3.2,3,2.3,3,2.7,2.25,3.2,2.75,2.3,3.2,3,2.25,3.2,2.75,2.2,3.2,3,2.25,3.25,3,62,2.45,2.27,3.3,3.16,3.25,2.93,39,2.29,2.09,1.75,1.66,27,-0.25,2.1,2.04,1.91,1.83
343,A,E0,17-04-2022,Costa Rica,Japan,3.2,3.2,2.1,3.75,3.1,1.95,3.2,3.25,2.15,2.8,3.1,2.3,3.2,3.2,2,3.4,3.2,2.1,3.1,3.3,2,3.4,3.25,2,3.25,3.3,2.1,51,3.5,3.24,3.3,3.2,2.3,2.12,34,2.13,2.01,1.82,1.74,22,0.25,2,1.94,1.96,1.91
322,D,E0,04-08-2022,Croatia,Poland,1.9,3.4,3.8,1.8,3.2,4.25,1.9,3.4,3.85,1.95,3.3,3.5,1.67,3.6,4,1.85,3.4,4,1.83,3.4,3.5,1.8,3.4,4,1.9,3.4,3.75,48,2,1.89,3.5,3.33,4.25,3.82,36,2.27,2.08,1.75,1.68,24,-0.5,2.11,2.02,1.88,1.83
65,H,E0,26-09-2021,Costa Rica,England,1.61,3.4,6,1.6,3.55,5.15,1.55,3.5,6.5,1.65,3.3,4.4,1.57,3.5,5,1.57,3.6,6,1.57,3.3,5.5,1.57,3.5,5.5,1.55,3.5,6.5,71,1.65,1.59,3.6,3.44,6.85,5.56,47,2.25,2.03,1.78,1.71,25,-0.75,1.91,1.85,2.08,2.01
293,A,E0,18-03-2022,South Korea,Croatia,2.1,3.2,3.5,1.95,3.1,3.75,2.05,3.25,3.55,2.1,3.1,3.2,1.91,3.2,3.5,2.05,3.3,3.5,1.9,3.1,3.6,2,3.25,3.4,2,3.25,3.6,47,2.2,2.04,3.35,3.22,3.91,3.49,32,2.17,2.05,1.77,1.7,20,-0.25,1.95,1.9,2.03,1.98
67,A,E0,10-01-2021,France,Costa Rica,2.5,3.2,2.75,2.3,3.2,2.8,2.4,3.2,2.8,2.4,3,2.8,2.1,3.2,3,2.5,3.2,2.7,2.3,3.2,2.62,2.38,3.2,2.75,2.5,3.2,2.7,72,2.6,2.39,3.3,3.13,3,2.76,46,2.27,2.12,1.73,1.64,27,0,1.87,1.79,2.2,2.04
221,D,E0,22-01-2022,Canada,France,1.16,6.5,15,1.13,6.5,16,1.17,6,17,1.2,5,12,1.17,5.5,12,1.14,6.75,17,1.14,6,12,1.2,5,13,1.14,6.5,17,49,1.2,1.17,7,6.03,20,15.2,33,1.75,1.65,2.22,2.09,20,-1.75,1.99,1.94,1.96,1.92
194,H,E0,01-02-2022,Poland,Croatia,2.4,3.2,2.87,2.5,3.1,2.65,2.4,3.25,2.85,2.3,3,2.7,2.38,3.2,2.6,2.5,3.2,2.7,2.4,3.1,2.6,2.38,3.2,2.75,2.5,3.25,2.65,45,2.55,2.42,3.3,3.18,3.1,2.77,31,2.27,2.05,1.76,1.69,21,-0.25,2.15,2.1,1.8,1.76
287,H,E0,15-03-2022,Spain,England,1.36,4.33,9,1.35,4.25,8,1.38,4.33,8,1.37,3.9,7.5,1.4,3.75,7,1.4,4,8.5,1.3,4.2,8.5,1.36,4.33,7.5,1.35,4.35,8.5,46,1.42,1.37,4.5,4.11,9.5,8.46,32,2.25,2.08,1.75,1.68,16,-1.25,1.98,1.94,1.94,1.91
32,A,E0,27-08-2021,Portugal,Belgium,2.5,3.2,2.75,2.4,3.2,2.7,2.35,3.25,2.85,2.4,3,2.6,2.38,3.2,2.6,2.5,3.2,2.75,2.4,3.1,2.6,2.38,3.2,2.75,2.6,3.2,2.6,74,2.85,2.47,3.3,3.17,2.85,2.64,47,2.11,1.97,1.82,1.72,27,0,2,1.91,2,1.92
363,D,E0,05-01-2022,Japan,USA,1.25,5.5,10,1.25,5,10,1.25,5.25,10.5,1.25,4.8,9.5,1.2,5,11,1.25,5.5,10,1.25,5,8,1.25,5,10,1.25,5.5,10,51,1.28,1.25,6,5.21,12,10.12,35,1.85,1.76,2.11,1.98,23,-1.5,1.86,1.82,2.1,2.02
161,H,E0,17-12-2021,South Korea,Poland,1.8,3.2,5,1.6,3.5,5.2,1.83,3.25,4.5,1.7,3.2,4.2,1.73,3.2,4.33,1.8,3.4,4.33,1.8,2.9,4.5,1.73,3.4,4.33,1.8,3.25,4.5,76,1.92,1.78,3.45,3.24,5,4.37,47,2.32,2.12,1.7,1.63,26,-0.5,1.95,1.89,2,1.97
27,H,E0,27-08-2021,Netherlands,Australia,2.1,3.25,3.4,1.9,3.3,3.65,2,3.25,3.65,2,3.1,3.2,1.83,3.2,3.75,2.05,3.2,3.6,1.9,3.2,3.5,2,3.25,3.4,2,3.25,3.6,74,2.1,1.95,3.32,3.21,4.5,3.61,47,2.3,2.03,1.75,1.68,27,-0.5,2.09,2.01,1.88,1.82
294,A,E0,18-03-2022,Cameroon,Japan,6,4,1.5,6,3.75,1.5,7,3.75,1.5,5,3.7,1.55,6.5,3.6,1.44,6.5,3.8,1.5,6.5,3.6,1.44,7,3.75,1.44,8,4,1.4,48,7.6,6.67,4.05,3.75,1.58,1.49,34,2,1.89,1.91,1.85,20,1,2,1.89,2.02,1.92
1,A,E0,13-08-2021,Switzerland,Japan,5,3.4,1.72,4.35,3.35,1.75,4.25,3.4,1.83,3.8,3.1,1.8,3.75,3.2,1.83,4.33,3.6,1.75,4.33,3.2,1.72,4,3.25,1.83,4.5,3.3,1.8,56,5.65,4.69,3.7,3.36,1.8,1.69,36,2.1,1.93,1.87,1.79,23,0.75,2.05,2,1.93,1.86
227,D,E0,31-01-2022,Croatia,Switzerland,2.25,3.1,3.2,2.15,3.1,3.2,2.3,3,3.2,2.2,3.1,3,2.1,3.2,3,2.2,3.1,3.3,2.15,3.1,3,2.1,3.2,3.2,2.2,3.25,3.1,47,2.4,2.2,3.31,3.16,3.35,3.16,32,2.35,2.14,1.7,1.63,21,-0.25,2.09,2.05,1.9,1.83
144,A,E0,12-04-2021,France,South Korea,2.4,3.2,2.87,2.1,3.1,3.3,2.33,3.2,2.9,2.3,3,2.7,2.2,3.25,2.75,2.38,3.2,2.88,2.3,3.1,2.75,2.25,3.25,2.88,2.35,3.25,2.8,78,2.5,2.31,3.3,3.16,3.1,2.88,48,2.21,2.06,1.77,1.67,26,-0.25,2.2,2.09,1.8,1.78
349,D,E0,22-04-2022,Switzerland,Poland,2.1,3.25,3.4,2,3.3,3.4,2.15,3.2,3.4,2.3,3.2,2.7,2,3.2,3.2,2.1,3.25,3.4,2.15,3.3,2.8,2.1,3.25,3.2,2.25,3.25,3,49,2.3,2.13,3.45,3.24,3.56,3.17,37,2.3,2.13,1.8,1.65,27,-0.25,2,1.97,1.96,1.9
162,H,E0,17-12-2021,Brazil,Cameroon,2.2,3.2,3.25,2.25,3.1,3,2.15,3.25,3.25,2.2,3,2.9,2.2,3.2,2.8,2.1,3.25,3.4,2.1,3,3.2,2.1,3.2,3.2,2.2,3.25,3.1,74,2.25,2.14,3.3,3.16,3.8,3.19,44,2.28,2.08,1.76,1.66,25,-0.25,1.85,1.81,2.12,2.06
132,H,E0,27-11-2021,England,Belgium,2.37,3.25,2.87,2.35,3.1,2.85,2.45,3.2,2.75,2.3,3,2.7,2.4,3.25,2.5,2.4,3.25,2.8,2.4,3.1,2.6,2.38,3.2,2.75,2.5,3.2,2.7,68,2.6,2.43,3.3,3.16,2.93,2.74,43,2.25,2.06,1.71,1.67,24,0,1.84,1.79,2.13,2.05
254,H,E0,13-02-2022,Portugal,Poland,1.9,3.25,4,1.8,3.15,4.4,1.85,3.3,4.25,1.8,3.2,4,1.73,3.2,4.33,1.8,3.4,4.33,1.72,3.1,4.5,1.8,3.2,4.33,1.8,3.25,4.5,52,1.95,1.84,3.45,3.25,4.5,4.15,40,2.19,2.01,1.78,1.73,19,-0.5,1.98,1.91,2,1.92
245,D,E0,02-11-2022,Argentina,Belgium,1.5,4,6,1.45,3.7,7,1.53,3.65,6.5,1.55,3.7,5,1.57,3.25,5.5,1.5,3.8,6.5,1.53,3.5,5.5,1.57,3.5,5.5,1.5,3.75,6.5,54,1.62,1.54,3.8,3.64,7,6.1,41,2.05,1.93,1.95,1.81,22,-1,2.11,2.03,1.83,1.78
295,A,E0,18-03-2022,Portugal,Brazil,2,3.2,3.75,1.85,3.15,4.15,1.87,3.25,4.25,2,3.2,3.3,1.73,3.4,4,1.95,3.2,4,1.83,3.2,3.75,1.8,3.25,4.33,1.73,3.4,4.5,47,2.25,2,3.35,3.17,4.33,3.62,33,2.05,1.94,1.88,1.79,19,-0.25,1.94,1.89,2.03,2
18,A,E0,21-08-2021,Belgium,Switzerland,2.1,3.2,3.5,2.2,3.1,3.1,2.1,3.2,3.4,2,3.1,3.2,2.1,3.2,3,2.1,3.2,3.4,2.05,3.2,3.1,2.2,3.2,3,2.1,3.25,3.4,71,2.2,2.09,3.27,3.15,3.7,3.25,43,2.15,2,1.75,1.69,25,-0.25,1.86,1.83,2.08,2.03
171,H,E0,26-12-2021,Japan,Cameroon,1.22,5.5,13,1.2,5.5,12,1.2,5.5,15,1.25,4.5,9,1.2,5,11,1.2,5.5,15,1.16,5,15,1.2,5,13,1.22,5.5,12,49,1.24,1.2,7.31,5.63,19,13.74,36,1.83,1.73,2.13,2,22,-1.75,1.88,1.84,2.08,2.01
5,A,E0,13-08-2021,Brazil,Costa Rica,2.75,3.2,2.5,2.65,3.25,2.4,2.55,3.3,2.6,2.5,3,2.5,2.75,3.2,2.25,2.7,3.2,2.5,2.62,3.2,2.3,2.6,3.2,2.5,2.75,3.25,2.4,56,3.25,2.79,3.3,3.18,2.5,2.35,36,2.1,1.96,1.84,1.75,21,0.25,1.95,1.87,2.03,1.99
303,H,E0,26-03-2022,France,Morocco,2.3,3.25,3,2.3,3.1,2.9,2.3,3.25,3,2.2,3.1,3,2.1,3.2,3,2.3,3.2,3,2.1,3.1,3.1,2.2,3.2,3,2.25,3.25,3,49,2.4,2.26,3.35,3.21,3.15,2.97,35,2.25,2.1,1.73,1.66,19,-0.25,2.09,2.05,1.85,1.81
206,D,E0,14-01-2022,Australia,Belgium,2.1,3.25,3.4,2.2,3.15,3.05,2.2,3.2,3.2,2.2,3.1,3,2.1,3.2,3,2.2,3.25,3.1,2.15,3.1,3,2.1,3.2,3.2,2.2,3.2,3.2,46,2.25,2.12,3.26,3.2,3.85,3.27,34,2.15,2.02,1.8,1.71,22,-0.25,1.85,1.81,2.14,2.06
220,A,E0,21-01-2022,Cameroon,Senegal,1.72,3.4,5,1.6,3.4,5.5,1.75,3.3,5,1.75,3.3,4.2,1.62,3.25,5,1.65,3.5,5.2,1.61,3.3,5,1.67,3.25,5,1.65,3.5,5,50,1.91,1.74,3.5,3.31,5.2,4.71,34,2.1,1.98,1.87,1.74,21,-0.5,1.95,1.88,2.03,1.97
153,H,E0,12-10-2021,Cameroon,South Korea,2.8,3.25,2.4,2.65,3.1,2.5,2.75,3.2,2.4,2.5,3,2.5,2.75,3.2,2.25,2.7,3.2,2.5,2.87,3,2.25,2.75,3.2,2.38,2.8,3.25,2.35,75,3.28,2.79,3.45,3.16,2.5,2.34,47,2.1,1.96,1.85,1.75,26,0.25,1.96,1.91,2,1.97
64,A,E0,25-09-2021,USA,Senegal,1.57,3.5,6.5,1.55,3.6,5.6,1.55,3.5,6.5,1.55,3.5,4.8,1.5,3.4,6,1.53,3.6,6.5,1.53,3.3,6,1.57,3.4,6,1.55,3.5,6.5,66,1.62,1.53,3.8,3.49,7.5,6.18,44,2.15,1.99,1.82,1.74,26,-1,2.16,2.06,1.85,1.78
107,A,E0,11-05-2021,Netherlands,Spain,3.2,3.25,2.2,3.1,3.1,2.2,3.2,3.1,2.25,3.1,3,2.2,2.75,3.2,2.25,3,3.2,2.3,3,2.87,2.25,3,3.2,2.2,3,3.2,2.3,68,3.6,3.07,3.25,3.13,2.3,2.2,41,2.35,2.13,1.67,1.63,24,0.25,2.06,2,1.92,1.85
126,H,E0,26-11-2021,Netherlands,France,2.25,3.2,3.1,2.2,3.1,3.1,2.25,3.2,3.1,2.1,3,3.1,2.2,3.25,2.75,2.25,3.2,3.1,2.2,3.1,2.87,2.25,3.25,2.88,2.3,3.2,3,73,2.35,2.22,3.3,3.17,3.5,3.01,46,2.15,2.02,1.82,1.71,26,-0.25,1.98,1.94,2,1.92
281,H,E0,03-11-2022,Switzerland,England,1.83,3.25,4.5,1.9,3.1,3.95,1.9,3.25,4.1,1.8,3.2,4,1.67,3.25,4.5,1.85,3.25,4.33,1.72,3.25,4.2,1.83,3.25,4,1.8,3.3,4.5,47,1.91,1.84,3.4,3.25,4.7,4.18,37,2.25,2.09,1.73,1.68,21,-0.5,1.97,1.92,2,1.92
280,H,E0,03-11-2022,Canada,Costa Rica,1.44,4,7.5,1.4,4,7.3,1.5,3.75,7,1.5,3.8,5.5,1.4,3.75,7,1.44,4,7.5,1.36,4,7,1.4,4,7.5,1.45,3.75,7.5,45,1.57,1.46,4,3.82,7.55,7.07,37,2.17,2.04,1.8,1.72,22,-1,2.13,2,1.85,1.82
103,H,E0,29-10-2021,Croatia,England,2.1,3.2,3.5,1.95,3.2,3.6,2.1,3.2,3.45,1.9,3.1,3.5,1.91,3.2,3.5,2.1,3.2,3.4,1.9,3.1,3.6,2,3.25,3.4,2,3.25,3.7,75,2.32,2.08,3.25,3.14,3.75,3.35,48,2.3,2.14,1.71,1.62,29,-0.25,2.04,1.98,1.92,1.88
58,H,E0,24-09-2021,Canada,Netherlands,1.22,5.5,13,1.2,5.5,12,1.2,5.5,15,1.27,4.3,8.5,1.17,5.5,12,1.22,5.5,12,1.2,5,11,1.22,5,12,1.2,6,12,67,1.27,1.2,6.16,5.31,19,12.75,42,1.98,1.88,1.97,1.83,25,-1.5,1.93,1.85,2.06,1.98
8,H,E0,14-08-2021,Argentina,Morocco,1.4,4.2,8,1.35,4,9,1.44,4,7.5,1.45,3.8,5.4,1.4,3.75,7,1.4,4.33,7.5,1.4,3.75,7,1.4,4,7.5,1.45,3.8,7.5,54,1.5,1.42,4.45,3.91,8.73,7.36,36,1.8,1.7,2.25,2.01,22,-1.25,2.08,2.03,1.89,1.83
33,H,E0,27-08-2021,Croatia,Senegal,2.1,3.25,3.4,2.15,3.25,3.05,2.1,3.25,3.35,1.9,3.1,3.5,2.1,3.2,3,2.1,3.2,3.4,1.95,3.25,3.3,2.1,3.2,3.2,2.1,3.2,3.4,74,2.3,2.08,3.3,3.18,3.75,3.28,47,2.25,2.04,1.72,1.67,27,-0.25,1.94,1.87,2.03,1.97
71,H,E0,10-02-2021,Argentina,Poland,1.33,4.5,9.5,1.3,4.8,8,1.33,4.5,9,1.35,4,7,1.29,4.33,9,1.33,4.5,9,1.28,4.33,8.5,1.36,4.33,7.5,1.33,4.5,9,68,1.36,1.31,4.85,4.34,11,8.87,44,1.92,1.8,2.05,1.91,25,-1.25,1.87,1.83,2.1,2.03
121,H,E0,19-11-2021,Cameroon,Switzerland,2.5,3.2,2.75,2.3,3.1,2.9,2.5,3.2,2.7,2.3,3,2.7,2.75,3.2,2.25,2.4,3.2,2.88,2.62,2.9,2.5,2.38,3.2,2.75,2.5,3.25,2.65,72,2.75,2.49,3.28,3.11,2.87,2.67,47,2.49,2.2,1.67,1.59,25,0,1.94,1.87,2.06,1.98
181,A,E0,28-12-2021,South Korea,Canada,6,3.6,1.57,6.4,3.6,1.5,6.5,3.6,1.55,4.8,3.5,1.55,6,3.75,1.44,6,4,1.5,5.5,3.5,1.53,5.5,3.5,1.57,6,3.75,1.53,47,7.3,6.01,4,3.62,1.6,1.55,34,2.16,2,1.8,1.72,22,1,1.9,1.82,2.06,2.01
379,H,E0,05-07-2022,Portugal,Costa Rica,4.5,3.6,1.72,4,3.55,1.75,4,3.5,1.83,4.2,3.3,1.75,3.75,3.25,1.8,4.2,3.5,1.8,3.6,3.4,1.8,4,3.5,1.73,4.5,3.75,1.65,48,4.8,4.23,3.8,3.47,1.83,1.73,38,2.2,2.04,1.8,1.71,19,0.75,2,1.91,2,1.96
63,D,E0,24-09-2021,Portugal,Argentina,5,3.4,1.72,4.85,3.45,1.65,5.5,3.4,1.65,4.2,3.2,1.7,4.33,3.2,1.73,4.75,3.5,1.7,4.5,3.3,1.66,5.5,3.5,1.57,5,3.25,1.75,67,5.5,4.74,3.55,3.34,1.8,1.69,42,2.06,1.88,1.95,1.84,25,0.75,1.85,1.8,2.14,2.06
112,H,E0,11-05-2021,Portugal,Cameroon,1.83,3.3,4.33,1.75,3.3,4.45,1.83,3.3,4.33,1.8,3.1,3.8,1.67,3.25,4.5,1.8,3.3,4.5,1.7,3.3,4.33,1.8,3.2,4.33,1.8,3.4,4.35,17,1.9,1.81,3.3,3.24,4.5,4.15,10,2.2,2.06,1.77,1.71,6,-0.5,1.89,1.83,2.05,1.97
160,H,E0,17-12-2021,England,Australia,2.3,3.25,3,2.1,3.1,3.3,2.25,3.2,3.1,2.2,3,2.9,2.2,3.2,2.8,2.2,3.2,3.2,2.15,3,3.1,2.2,3.2,3,2.25,3.25,3,76,2.3,2.2,3.3,3.16,3.42,3.05,47,2.16,2.02,1.82,1.7,27,-0.25,1.98,1.95,1.95,1.91
362,H,E0,30-04-2022,Costa Rica,Belgium,1.61,3.6,5.5,1.6,3.4,5.5,1.62,3.5,5.5,1.6,3.6,4.8,1.67,3.25,4.5,1.62,3.6,5.5,1.57,3.3,5.5,1.67,3.25,5,1.6,3.5,5.5,54,1.76,1.64,3.65,3.45,5.9,5.19,41,2.22,2.02,1.8,1.74,25,-0.75,2.1,2.03,1.9,1.84
218,A,E0,21-01-2022,Morocco,Australia,2.3,3.25,3,2.2,3.1,3.1,2.25,3.2,3.1,2.3,3.1,2.8,2.2,3.2,2.8,2.2,3.2,3.2,2.25,3.1,2.8,2.1,3.2,3.2,2.2,3.25,3.1,46,2.4,2.23,3.31,3.19,3.41,3.06,33,2.17,2.06,1.73,1.68,22,-0.25,2.07,2.02,1.88,1.85
250,A,E0,02-11-2022,Brazil,Japan,6,3.8,1.53,6,3.45,1.55,6.5,3.75,1.52,5,3.7,1.55,6.5,3.6,1.44,6.5,3.8,1.5,6,3.4,1.5,6,3.6,1.53,6.5,3.75,1.5,54,7,6.2,4.12,3.68,1.6,1.52,41,2,1.9,1.94,1.83,21,1,1.95,1.88,1.98,1.94
230,H,E0,02-01-2022,Australia,Japan,4,3.25,1.9,4.1,3.15,1.85,4.33,3.25,1.85,3.6,3.2,1.9,4,3.2,1.8,4.2,3.3,1.85,4,3.1,1.8,4.33,3.2,1.8,4,3.4,1.85,50,4.4,4.05,3.46,3.24,1.93,1.86,30,2.1,1.98,1.8,1.73,21,0.5,2,1.95,1.95,1.88
331,A,E0,15-04-2022,Belgium,Canada,5.5,3.6,1.61,5,3.4,1.65,5.5,3.5,1.65,5,3.3,1.65,4.5,3.5,1.62,5.5,3.6,1.62,5.5,3.3,1.57,5,3.5,1.62,5.5,3.5,1.6,51,5.8,5.18,3.6,3.44,1.75,1.64,37,2.4,2.11,1.72,1.67,25,0.75,1.93,1.88,2.08,1.98
286,H,E0,03-12-2022,Japan,Morocco,1.4,4.33,7.5,1.4,4,7.3,1.44,3.9,7.85,1.4,4,6.5,1.4,4,6.5,1.4,4.2,8,1.4,3.75,7,1.4,4,7.5,1.4,4,8,46,1.5,1.42,4.33,3.95,8.5,7.44,36,1.91,1.82,2.02,1.91,20,-1,2.04,1.86,2.04,1.96
118,H,E0,19-11-2021,Spain,Brazil,1.4,4,9,1.4,3.85,7.8,1.42,3.85,8.5,1.4,4,6.5,1.4,3.75,7,1.44,3.75,8,1.36,3.75,8,1.44,3.75,7,1.4,4,8,74,1.45,1.4,4.37,3.87,9.5,7.77,46,2.21,2.02,1.8,1.72,23,-1.25,2.06,1.98,1.96,1.9
235,D,E0,02-04-2022,Belgium,Croatia,1.9,3.25,4,1.9,3.15,3.85,1.9,3.25,4,1.9,3.2,3.6,1.8,3.2,4,1.91,3.25,4,1.83,3.2,3.75,1.83,3.25,4,1.9,3.25,4,53,1.95,1.87,3.35,3.23,4.7,4.03,38,2.35,2.17,1.7,1.63,22,-0.5,1.93,1.89,2,1.95
325,H,E0,04-09-2022,Spain,Belgium,1.44,4.2,7,1.5,3.65,6.25,1.52,3.75,6.5,1.5,3.8,5.5,1.5,3.4,6,1.5,3.8,6.5,1.5,3.4,6,1.5,3.6,6.5,1.5,3.75,6.5,48,1.55,1.49,4.2,3.67,7.5,6.59,35,2.15,1.99,1.8,1.73,22,-1,2.25,1.98,2.4,1.89
352,H,E0,24-04-2022,England,Croatia,2,3.2,3.75,2,3.15,3.55,2.05,3.25,3.5,2,3.2,3.3,2,3.4,3,2.15,3.2,3.3,2,3.2,3.2,2.1,3.2,3.2,2,3.3,3.5,51,2.25,2.07,3.4,3.21,3.65,3.32,40,2.15,2.01,1.8,1.72,25,-0.25,1.95,1.91,2.01,1.97
137,H,E0,12-03-2021,Belgium,Argentina,4.33,3.3,1.83,4.15,3.3,1.8,4.33,3.25,1.83,4.2,3.1,1.8,3.75,3.2,1.83,4.33,3.25,1.85,4.2,3.25,1.72,4,3.25,1.83,4.35,3.4,1.8,79,5,4.21,3.45,3.23,1.92,1.81,48,2.19,2.03,1.75,1.69,27,0.5,2.1,2.02,1.89,1.82
28,H,E0,27-08-2021,England,Switzerland,2.5,3.2,2.75,2.35,3.2,2.75,2.45,3.3,2.7,2.3,3,2.7,2.5,3.2,2.5,2.5,3.2,2.75,2.5,3.1,2.5,2.38,3.2,2.75,2.6,3.2,2.6,73,2.7,2.44,3.38,3.15,3,2.69,46,2.21,2.04,1.75,1.67,26,0,1.85,1.8,2.15,2.03
271,H,E0,03-04-2022,Morocco,Belgium,2.3,3.25,3,2.25,3.1,3,2.25,3.2,3.1,2.2,3.1,3,2.2,3.2,2.8,2.25,3.2,3.1,2.2,3.1,2.87,2.2,3.2,3,2.25,3.25,3,46,2.4,2.25,3.25,3.19,3.2,3,38,2.35,2.16,1.68,1.63,20,-0.25,2.15,2.04,1.85,1.82
338,A,E0,16-04-2022,Australia,Spain,3.25,3.2,2.2,3.4,3.25,2,3.2,3.2,2.2,2.8,3.1,2.3,3.2,3.2,2,3.1,3.2,2.25,2.75,3.1,2.3,2.88,3.25,2.25,3.1,3.25,2.2,50,3.55,3.16,3.3,3.19,2.3,2.17,39,2.4,2.15,1.72,1.64,28,0.25,2,1.94,1.99,1.93
240,H,E0,02-04-2022,Cameroon,Australia,2.9,3.2,2.37,2.75,3.1,2.4,2.75,3.2,2.45,2.6,3.1,2.5,2.6,3.2,2.38,2.7,3.2,2.5,2.62,3.1,2.37,2.5,3.2,2.6,2.75,3.25,2.4,53,2.94,2.71,3.3,3.18,2.6,2.45,38,2.23,2.05,1.75,1.7,19,0,2.14,2.03,1.86,1.81
268,A,E0,03-04-2022,England,Argentina,3.2,3.25,2.2,3.3,3.1,2.1,3.25,3.25,2.15,2.8,3.1,2.3,3,3.2,2.1,3.05,3.35,2.2,2.87,3.1,2.2,3,3.2,2.2,3.1,3.25,2.2,47,3.35,3.12,3.3,3.2,2.3,2.18,37,2.2,2.04,1.75,1.7,20,0.25,2.01,1.93,1.98,1.92
248,H,E0,02-11-2022,England,Cameroon,1.83,3.3,4.33,1.85,3.15,4.1,1.83,3.3,4.33,1.85,3.2,3.8,1.73,3.2,4.33,1.83,3.25,4.33,1.66,3.3,4.5,1.91,3.25,3.75,1.8,3.4,4.35,54,1.91,1.82,3.4,3.27,5,4.2,41,2.2,2.04,1.8,1.72,21,-0.5,1.91,1.83,2.08,2
291,H,E0,18-03-2022,Belgium,Senegal,1.33,4.5,9.5,1.35,4.5,7.25,1.36,4.33,8.5,1.3,4.4,8.5,1.4,3.75,7,1.36,4.33,8.5,1.33,4,8,1.36,4.33,7.5,1.35,4.35,8.5,47,1.4,1.35,5,4.34,10.04,8.69,33,2.14,1.95,1.9,1.79,18,-1.25,1.95,1.92,2,1.95
80,H,E0,15-10-2021,Costa Rica,Switzerland,1.61,3.4,6,1.6,3.55,5.15,1.6,3.5,5.75,1.6,3.4,4.6,1.62,3.25,5,1.62,3.5,5.6,1.57,3.3,5.5,1.57,3.5,5.5,1.6,3.5,5.5,69,1.65,1.59,3.69,3.42,6.5,5.53,48,2.35,2.14,1.73,1.63,24,-0.75,1.99,1.93,2,1.93
261,D,E0,25-02-2022,France,Netherlands,2.1,3.25,3.4,2.2,3.1,3.1,2.2,3.2,3.2,2.2,3.1,3,2.1,3.2,3,2.1,3.2,3.4,2.05,3.1,3.2,2.1,3.2,3.2,2.1,3.25,3.3,50,2.27,2.16,3.3,3.19,3.4,3.18,38,2.23,2.06,1.78,1.71,21,-0.25,2.03,1.99,1.9,1.88
309,D,E0,04-01-2022,Poland,Canada,9,5,1.3,8.5,4.15,1.35,9,4.5,1.33,6.5,4,1.4,8,4,1.33,10,4.75,1.3,8,4,1.33,8.5,4.33,1.33,8.5,5,1.3,49,13,9.11,5,4.45,1.4,1.33,38,2,1.87,2.14,1.87,21,1.25,2.09,2.03,1.89,1.84
376,H,E0,05-07-2022,Japan,France,1.2,6,13,1.2,5.5,12,1.2,6,13,1.2,5.2,11,1.2,5,11,1.2,5.75,13,1.2,5,11,1.25,5,10,1.2,5.5,13,48,1.24,1.2,6.72,5.56,16,12.26,39,1.75,1.67,2.2,2.08,20,-1.75,1.93,1.9,2.04,1.96
236,H,E0,02-04-2022,Switzerland,South Korea,2.2,3.2,3.25,2.25,3.1,3,2.25,3.2,3.1,2.1,3.1,3.2,2,3.2,3.2,2.2,3.2,3.2,2.05,3.1,3.2,2.1,3.2,3.2,2.2,3.25,3.1,53,2.4,2.2,3.26,3.17,3.3,3.12,38,2.3,2.11,1.73,1.66,21,-0.25,2.14,2.05,1.85,1.82
50,D,E0,17-09-2021,Senegal,Cameroon,2.37,3.2,2.9,2.15,3.25,3.05,2.3,3.2,3,2.3,3,2.7,2.2,3.2,2.8,2.3,3.2,3,2.37,3.1,2.62,2.2,3.2,3,2.4,3.2,2.8,61,2.45,2.31,3.3,3.16,3.3,2.87,38,2.2,2.04,1.78,1.69,27,-0.25,2.08,2.02,1.91,1.84
274,H,E0,03-05-2022,South Korea,Senegal,1.4,4.33,7.5,1.4,3.8,7.5,1.44,4,7.5,1.45,3.9,6,1.36,3.75,8,1.36,4.33,8.5,1.36,3.75,8,1.44,3.75,7,1.4,4,8,46,1.45,1.41,4.5,3.96,9,7.75,38,2.08,1.94,1.85,1.79,20,-1.25,2.03,2.01,1.91,1.86
229,D,E0,02-01-2022,Netherlands,Canada,7.5,4,1.44,9,4,1.35,7.5,3.75,1.47,5.5,3.8,1.5,7,3.5,1.44,7.25,4,1.44,7,3.75,1.4,7,3.75,1.44,7,4,1.45,51,8.5,7.24,4,3.78,1.5,1.45,31,2.16,2,1.8,1.73,21,1,2.03,1.95,1.95,1.86
133,D,E0,27-11-2021,USA,Cameroon,1.72,3.4,5,1.65,3.3,5.2,1.7,3.4,4.9,1.65,3.3,4.4,1.62,3.5,4.5,1.7,3.4,5,1.66,3.3,4.5,1.67,3.25,5,1.7,3.4,5,69,1.77,1.69,3.52,3.35,5.5,4.88,42,2.15,1.96,1.83,1.75,24,-0.75,2,1.98,1.95,1.89
169,H,E0,26-12-2021,Canada,England,1.2,5.5,17,1.17,6,13,1.2,5.5,15,1.22,4.8,9.5,1.17,5.5,12,1.18,6,15,1.16,5.5,12,1.2,5,13,1.2,5.5,15,48,1.21,1.18,7.29,5.84,19.72,15.03,35,1.9,1.77,2.14,1.94,22,-1.75,1.95,1.88,2.08,1.98
184,D,E0,31-12-2021,Netherlands,Argentina,5.5,3.6,1.61,5,3.2,1.7,5.25,3.4,1.67,4.2,3.2,1.7,4.5,3.5,1.62,5.5,3.4,1.67,4.5,3.3,1.66,5,3.25,1.67,5,3.6,1.65,51,6.12,5.28,3.67,3.46,1.71,1.63,34,2.03,1.92,1.89,1.8,23,0.75,2.13,2.08,1.84,1.78
204,H,E0,14-01-2022,Argentina,USA,1.33,4.33,8,1.3,4.75,8,1.35,4.5,9,1.33,4.2,8,1.3,4.33,8,1.33,4.5,9,1.33,4,8,1.33,4.33,8.5,1.35,4.5,9,47,1.39,1.32,5.2,4.48,10.5,8.89,35,1.88,1.77,2.15,1.97,20,-1.25,1.83,1.81,2.15,2.06
148,D,E0,12-10-2021,Belgium,Netherlands,1.83,3.3,4.33,1.8,3.2,4.15,1.85,3.2,4.25,1.8,3.1,3.8,1.62,3.25,5,1.83,3.25,4.33,1.8,3.1,4,1.8,3.2,4.33,1.8,3.25,4.5,76,1.9,1.8,3.4,3.22,5,4.27,48,2.25,2.09,1.74,1.66,26,-0.5,1.88,1.84,2.08,2
315,A,E0,04-02-2022,South Korea,USA,2,3.25,3.75,1.95,3.1,3.75,2.1,3.25,3.4,1.85,3.2,3.8,2,3.2,3.2,2,3.2,3.75,1.9,3.25,3.4,2,3.25,3.4,1.9,3.4,3.75,49,2.1,1.97,3.4,3.24,4,3.59,35,2.15,2.02,1.83,1.73,20,-0.5,2.05,1.99,1.92,1.85
84,H,E0,16-10-2021,South Korea,Portugal,1.9,3.25,4,2,3.25,3.4,1.9,3.25,4,1.9,3.1,3.5,1.8,3.2,4,1.91,3.25,4,1.9,2.87,4,1.83,3.25,4,1.84,3.25,4.35,66,2.03,1.88,3.4,3.19,4.4,3.95,43,2.25,2.09,1.73,1.65,25,-0.5,2.06,1.97,1.91,1.85
356,A,E0,29-04-2022,France,Australia,2.75,3.2,2.5,2.65,3.25,2.4,2.65,3.25,2.5,2.6,3.2,2.4,2.38,3.2,2.6,2.62,3.3,2.5,2.5,3.3,2.37,2.5,3.2,2.6,2.6,3.3,2.5,51,3.26,2.78,3.4,3.22,2.6,2.37,39,2.24,2.05,1.8,1.7,25,0,2.3,2.05,1.9,1.74
238,A,E0,02-04-2022,USA,Netherlands,2.25,3.2,3.1,2.25,3.1,3,2.25,3.2,3.1,2.3,3.1,2.8,2.2,3.2,2.8,2.25,3.2,3.1,2.25,3.2,2.75,2.1,3.2,3.2,2.25,3.2,2.8,52,2.35,2.24,3.26,3.19,3.3,3.03,38,2.15,2.02,1.8,1.73,22,-0.25,2.1,2.04,1.85,1.82
304,H,E0,26-03-2022,Japan,Poland,1.18,6,17,1.2,5.5,12,1.2,6,15,1.2,5.2,11,1.17,5.5,12,1.17,6,17,1.2,5,11,1.22,5,12,1.2,6,15,50,1.23,1.19,7.15,5.63,17.84,13.89,35,1.75,1.71,2.15,2.03,18,-1.75,1.88,1.83,2.08,2.03
122,A,E0,19-11-2021,Croatia,Argentina,4.5,3.3,1.8,4.25,3.2,1.8,4.5,3.25,1.8,3.7,3.1,1.9,3.75,3.25,1.8,4.33,3.25,1.83,4,3,1.83,4,3.25,1.83,4.35,3.4,1.8,74,5.2,4.3,3.52,3.24,1.9,1.79,47,2.3,2.12,1.7,1.63,25,0.5,2.13,2.05,1.85,1.8
246,A,E0,02-11-2022,Netherlands,Morocco,2.2,3.2,3.25,2.15,3.1,3.2,2.1,3.25,3.4,2,3.2,3.3,1.8,3.25,3.75,2.1,3.25,3.4,2,3.2,3.2,2.1,3.2,3.2,2,3.25,3.6,52,2.29,2.12,3.3,3.21,3.6,3.25,41,2.2,2.06,1.75,1.7,22,-0.25,1.91,1.88,2.02,1.99
366,H,E0,05-02-2022,Australia,Canada,3,3.4,2.2,3.15,3.25,2.1,3.1,3.3,2.2,2.7,3.2,2.3,3,3.4,2,2.88,3.3,2.33,3.1,3.3,2,3.2,3.2,2.1,2.8,3.4,2.3,51,3.2,3,3.4,3.23,2.48,2.22,36,2.31,2.14,1.8,1.64,26,0.25,1.85,1.78,2.15,2.08
233,D,E0,02-01-2022,Brazil,Belgium,2.8,3.25,2.4,2.75,3.1,2.4,2.8,3.2,2.4,2.8,3.1,2.3,2.8,3.2,2.2,2.75,3.2,2.45,2.75,3.2,2.25,2.6,3.2,2.5,2.75,3.25,2.4,50,2.85,2.73,3.4,3.19,2.62,2.42,31,2.32,2.11,1.68,1.64,20,0,2.1,1.95,1.94,1.86
253,D,E0,02-12-2022,Senegal,Costa Rica,6,3.6,1.57,5.2,3.3,1.65,6,3.5,1.6,4.5,3.5,1.65,4.5,3.25,1.67,6,3.6,1.57,5.5,3.5,1.53,5,3.5,1.62,6,3.6,1.55,54,6.3,5.68,3.8,3.53,1.69,1.59,42,2.14,2,1.85,1.74,21,0.75,2.02,1.97,1.94,1.89
317,D,E0,04-03-2022,Australia,Croatia,1.8,3.3,4.5,1.9,3.15,3.9,1.8,3.3,4.5,1.8,3.2,4,1.73,3.2,4.33,1.8,3.3,4.5,1.8,3.1,4,1.83,3.25,4,1.8,3.4,4.35,52,1.85,1.76,3.5,3.29,5.5,4.49,38,2.15,2.04,1.75,1.71,21,-0.5,1.8,1.76,2.18,2.1
110,H,E0,11-05-2021,Morocco,Poland,1.61,3.4,6,1.6,3.5,5.25,1.6,3.5,6,1.55,3.5,4.8,1.5,3.4,6,1.6,3.5,5.75,1.53,3.5,5.5,1.62,3.5,5,1.55,3.5,6,68,1.62,1.57,3.84,3.46,7,5.76,41,2.23,2.02,1.8,1.72,25,-0.75,1.84,1.8,2.18,2.06
328,D,E0,04-12-2022,Brazil,Argentina,5,3.6,1.66,5.15,3.5,1.6,5.25,3.6,1.65,4.5,3.5,1.65,4.33,3.4,1.67,5,3.8,1.62,4.33,3.4,1.66,4.5,3.5,1.67,5,3.6,1.65,50,5.5,4.87,3.8,3.53,1.75,1.65,34,2.02,1.89,1.91,1.84,23,0.75,2.07,1.99,1.93,1.88
202,D,E0,01-03-2022,Argentina,Japan,2.62,3.1,2.75,2.35,3.1,2.85,2.5,3,2.9,2.4,3,2.6,2.25,3.2,2.75,2.5,3.2,2.7,2.5,3.1,2.5,2.5,3.2,2.6,2.6,3.2,2.6,45,2.7,2.51,3.25,3.14,2.85,2.7,31,2.2,2.01,1.8,1.72,20,0,1.93,1.88,2.02,1.95
241,H,E0,02-04-2022,Portugal,Senegal,1.5,3.75,7,1.5,3.55,6.1,1.55,3.6,6,1.55,3.7,5,1.5,3.4,6,1.5,3.8,6.5,1.44,3.6,6.5,1.53,3.5,6,1.45,4,7,53,1.55,1.5,4.2,3.67,7.5,6.46,38,1.95,1.86,1.96,1.86,21,-1,2.05,1.98,1.93,1.84
98,H,E0,29-10-2021,Canada,Australia,1.22,5.5,13,1.15,6,15,1.2,5.5,14,1.27,4.3,8.5,1.17,5.5,12,1.2,5.5,15,1.16,5.5,12,1.2,5.5,12,1.2,6,13,75,1.27,1.2,6,5.37,15,12.68,47,1.98,1.81,2.15,1.91,26,-1.5,2.03,1.94,1.94,1.9
188,H,E0,31-12-2021,Japan,Belgium,1.4,4.33,7.5,1.35,4.5,7.25,1.38,4.25,8,1.37,4,7,1.5,3.25,6.5,1.36,4.5,8,1.36,3.75,8,1.44,3.75,7,1.4,4,8,51,1.45,1.39,4.5,4.06,9,7.85,32,1.86,1.78,2.07,1.94,22,-1.25,2.09,2.05,1.85,1.81
120,A,E0,19-11-2021,Senegal,Netherlands,2.5,3.2,2.75,2.4,3.1,2.75,2.55,3.15,2.65,2.5,3,2.5,2.5,3.2,2.5,2.5,3.2,2.7,2.62,3.1,2.37,2.5,3.2,2.6,2.5,3.25,2.65,72,2.8,2.55,3.35,3.15,2.8,2.58,47,2.25,2.09,1.73,1.65,24,0,2,1.95,1.95,1.9
368,A,E0,05-04-2022,South Korea,Argentina,5.5,3.6,1.61,5.9,3.5,1.55,5.5,3.5,1.62,4.8,3.6,1.6,5,3.5,1.57,5.5,3.6,1.62,5,3.5,1.57,5,3.25,1.67,6,3.6,1.55,49,5.75,5.21,3.75,3.51,1.7,1.61,31,2.1,2,1.8,1.72,20,0.75,2.08,2.05,1.86,1.81
48,A,E0,17-09-2021,England,Portugal,2.2,3.1,3.3,2.05,3.25,3.25,2.1,3.25,3.4,2.1,3,3.1,1.83,3.2,3.75,2.1,3.2,3.4,2.1,3.2,3,1.91,3.4,3.5,2.2,3.25,3.1,63,2.25,2.08,3.4,3.19,3.75,3.28,40,2.25,2.06,1.8,1.68,27,-0.25,1.95,1.89,2.02,1.97
260,H,E0,25-02-2022,Australia,Argentina,3.1,3.25,2.25,3.1,3.1,2.2,3.1,3.2,2.25,2.8,3.1,2.3,2.75,3.25,2.2,3.2,3.2,2.2,2.75,3.2,2.25,2.88,3.25,2.25,3.1,3.25,2.2,49,3.3,3.01,3.35,3.22,2.45,2.24,38,2.3,2.13,1.7,1.65,21,0.25,1.91,1.89,2.03,1.98
312,A,E0,04-01-2022,England,Brazil,1.9,3.3,4,1.8,3.15,4.4,1.9,3.25,4.1,1.8,3.2,4,1.73,3.5,3.75,1.83,3.4,4.2,1.72,3.4,4,1.91,3.25,3.75,1.85,3.4,4,49,1.95,1.86,3.4,3.29,4.4,4.02,37,2,1.91,2.03,1.83,21,-0.5,2,1.96,1.93,1.89
207,H,E0,14-01-2022,France,Poland,2,3.2,3.75,1.85,3.15,4.1,2,3.25,3.75,1.85,3.3,3.7,1.91,3.25,3.4,1.91,3.25,4,1.95,3,3.6,1.8,3.4,4,2,3.25,3.6,44,2.26,2.03,3.31,3.22,4,3.55,34,2.2,2.02,1.76,1.71,20,-0.25,2,1.95,1.98,1.93
